MJD	sv	C1	P1	P2	elevation
60544.00000	G08	-109.22	-109.31	-106.74	37.5
60544.00000	G10	-108.54	-108.18	-108.18	78.2
60544.00000	G16	-110.13	-109.87	-108.49	32.7
60544.00000	G18	-109.12	-109.46	-108.48	15.5
60544.00000	G23	-110.70	-110.27	-107.74	39.4
60544.00000	G26	-110.25	-110.06	-110.60	10.7
60544.00000	G27	-109.31	-108.67	-109.19	72.0
60544.00000	G32	-110.59	-110.38	-107.98	36.3
60544.00347	G32	-109.71	-109.37	-107.81	37.8
60544.00347	G27	-109.08	-108.51	-108.87	73.5
60544.00347	G26	-110.69	-110.69	-111.82	10.0
60544.00347	G23	-109.05	-108.79	-108.13	37.9
60544.00347	G10	-109.30	-109.01	-108.85	76.4
60544.00347	G18	-108.44	-108.80	-107.98	14.5
60544.00347	G16	-109.43	-109.07	-108.07	31.3
60544.00347	G08	-110.44	-110.58	-107.91	39.1
60544.00694	G23	-111.05	-110.86	-109.67	35.8
60544.00694	G32	-109.59	-109.41	-109.61	39.9
60544.00694	G27	-109.58	-109.16	-108.41	75.3
60544.00694	G08	-109.94	-110.02	-107.79	41.1
60544.00694	G16	-109.89	-109.57	-107.35	29.5
60544.00694	G10	-109.20	-108.98	-108.69	74.0
60544.00694	G18	-109.60	-109.63	-110.73	13.2
60544.01042	G08	-110.65	-110.64	-109.28	43.1
60544.01042	G10	-109.69	-109.36	-108.84	71.6
60544.01042	G16	-109.71	-109.36	-108.13	27.7
60544.01042	G18	-111.80	-111.08	-110.94	11.8
60544.01042	G23	-110.61	-110.41	-108.35	33.7
60544.01042	G27	-109.26	-108.87	-108.83	76.9
60544.01042	G32	-109.55	-109.25	-107.87	42.0
60544.01389	G23	-110.27	-109.58	-110.08	31.7
60544.01389	G32	-109.49	-109.40	-109.17	44.0
60544.01389	G27	-109.54	-109.14	-109.02	78.0
60544.01389	G16	-109.96	-109.73	-107.87	25.8
60544.01389	G08	-109.14	-109.13	-108.88	45.1
60544.01389	G18	-108.86	-108.16	-110.17	10.6
60544.01389	G10	-108.94	-108.62	-107.93	69.2
60544.01736	G27	-109.32	-108.91	-108.49	78.7
60544.01736	G23	-110.24	-110.02	-112.20	29.7
60544.01736	G32	-108.93	-108.79	-108.42	46.0
60544.01736	G10	-109.46	-109.12	-108.86	66.8
60544.01736	G08	-110.25	-110.26	-109.10	47.1
60544.01736	G16	-109.19	-108.75	-106.90	24.0
60544.02083	G10	-109.71	-109.25	-108.32	64.5
60544.02083	G16	-110.50	-110.19	-109.19	22.2
60544.02083	G21	-110.79	-109.94	-110.27	17.9
60544.02083	G23	-109.69	-109.41	-109.39	27.8
60544.02083	G27	-109.46	-109.12	-108.66	78.7
60544.02083	G32	-109.13	-108.83	-108.67	47.9
60544.02083	G08	-109.75	-109.72	-109.18	49.0
60544.02431	G23	-110.31	-110.16	-105.46	25.9
60544.02431	G32	-109.89	-109.78	-107.74	49.8
60544.02431	G27	-108.69	-108.38	-108.64	78.1
60544.02431	G21	-110.38	-109.47	-110.19	19.4
60544.02431	G10	-109.48	-109.04	-109.47	62.2
60544.02431	G08	-111.00	-111.02	-109.11	50.9
60544.02431	G16	-110.15	-109.93	-107.99	20.3
60544.02778	G08	-109.13	-109.08	-108.82	52.7
60544.02778	G10	-109.99	-109.49	-109.44	60.0
60544.02778	G16	-109.12	-108.44	-107.34	18.5
60544.02778	G21	-109.35	-108.80	-108.92	21.0
60544.02778	G23	-109.77	-109.96	-107.61	24.0
60544.02778	G27	-108.81	-108.38	-108.74	77.0
60544.02778	G32	-110.23	-110.27	-108.17	51.6
60544.03125	G32	-109.29	-109.10	-108.26	53.3
60544.03125	G27	-108.85	-108.44	-108.37	75.4
60544.03125	G23	-112.18	-111.56	-113.13	22.2
60544.03125	G08	-109.73	-109.37	-108.28	54.5
60544.03125	G16	-109.30	-108.60	-111.23	16.7
60544.03125	G10	-109.36	-108.94	-108.98	57.7
60544.03125	G21	-110.10	-109.67	-106.57	22.6
60544.03472	G23	-110.61	-110.04	-108.34	20.4
60544.03472	G32	-109.44	-109.09	-108.02	54.9
60544.03472	G27	-108.91	-108.58	-108.33	73.6
60544.03472	G21	-109.40	-108.99	-110.58	24.2
60544.03472	G08	-109.59	-109.08	-108.09	56.1
60544.03472	G10	-109.12	-108.64	-108.83	55.5
60544.03819	G08	-109.64	-109.09	-108.03	57.6
60544.03819	G10	-109.74	-109.26	-108.71	53.4
60544.03819	G21	-110.51	-110.15	-110.28	25.8
60544.03819	G23	-109.15	-109.22	-107.42	18.6
60544.03819	G27	-108.93	-108.54	-108.61	71.5
60544.03819	G32	-109.41	-108.95	-109.10	56.3
60544.04167	G27	-108.99	-108.72	-108.99	69.2
60544.04167	G23	-111.15	-110.84	-109.16	16.8
60544.04167	G21	-109.12	-108.85	-109.28	27.5
60544.04167	G32	-108.71	-108.34	-108.76	57.6
60544.04167	G10	-109.71	-109.37	-108.48	51.3
60544.04167	G08	-110.02	-109.62	-109.10	59.0
60544.04514	G32	-109.52	-109.19	-107.87	58.7
60544.04514	G23	-109.09	-107.97	-110.93	15.1
60544.04514	G21	-110.14	-109.58	-107.97	29.2
60544.04514	G27	-109.22	-108.79	-107.97	66.9
60544.04514	G10	-109.99	-109.66	-109.34	49.2
60544.04514	G08	-109.60	-109.31	-107.85	60.2
60544.04861	G02	-108.20	-107.49	-110.81	17.3
60544.04861	G08	-109.04	-108.77	-107.77	61.1
60544.04861	G10	-109.92	-109.53	-109.42	47.2
60544.04861	G21	-109.42	-108.86	-106.80	31.0
60544.04861	G23	-111.46	-110.37	-108.13	13.5
60544.04861	G27	-109.91	-109.53	-109.03	64.5
60544.04861	G32	-109.55	-109.36	-109.10	59.5
60544.05208	G32	-109.84	-109.56	-108.59	60.2
60544.05208	G23	-111.62	-110.15	-110.84	11.8
60544.05208	G27	-109.78	-109.58	-108.53	62.0
60544.05208	G21	-109.47	-108.93	-107.65	32.8
60544.05208	G08	-110.24	-110.25	-108.85	61.9
60544.05208	G10	-109.69	-109.51	-107.61	45.1
60544.05208	G02	-109.63	-109.26	-108.41	19.0
60544.05556	G32	-109.57	-109.19	-109.34	60.5
60544.05556	G02	-110.82	-110.58	-108.95	20.7
60544.05556	G08	-108.62	-108.60	-109.12	62.4
60544.05556	G10	-110.23	-110.07	-108.82	43.2
60544.05556	G21	-109.07	-108.85	-108.85	34.6
60544.05556	G23	-108.45	-108.21	-107.95	10.6
60544.05556	G27	-108.76	-108.68	-107.50	59.5
60544.05903	G32	-109.07	-108.91	-109.23	60.6
60544.05903	G27	-109.29	-109.30	-108.92	57.0
60544.05903	G21	-109.00	-108.85	-108.81	36.5
60544.05903	G02	-109.17	-108.92	-109.00	22.5
60544.05903	G08	-109.67	-109.54	-110.28	62.6
60544.05903	G10	-110.46	-110.18	-109.72	41.3
60544.06250	G21	-109.09	-109.12	-107.58	38.4
60544.06250	G27	-109.72	-109.44	-107.41	54.5
60544.06250	G32	-109.61	-109.32	-108.06	60.4
60544.06250	G10	-109.42	-109.13	-108.45	39.4
60544.06250	G02	-110.48	-110.26	-110.92	24.3
60544.06250	G08	-109.51	-109.47	-108.41	62.5
60544.06597	G02	-111.59	-111.63	-106.94	26.1
60544.06597	G08	-110.47	-110.38	-109.21	62.1
60544.06597	G10	-109.38	-109.06	-108.85	37.5
60544.06597	G21	-110.50	-110.35	-110.33	40.3
60544.06597	G27	-109.58	-109.22	-108.54	52.0
60544.06597	G32	-109.33	-108.90	-108.82	60.0
60544.06944	G32	-110.01	-109.52	-107.87	59.2
60544.06944	G27	-110.15	-109.68	-108.21	49.4
60544.06944	G02	-110.13	-109.86	-109.89	28.0
60544.06944	G10	-111.06	-110.73	-109.40	35.7
60544.06944	G08	-108.99	-108.66	-108.46	61.5
60544.06944	G21	-108.75	-108.44	-108.32	42.3
60544.07292	G28	-110.44	-110.16	-108.62	11.6
60544.07292	G32	-109.91	-109.58	-107.67	58.3
60544.07292	G21	-110.37	-110.16	-107.64	44.4
60544.07292	G27	-109.55	-109.05	-109.49	46.9
60544.07292	G08	-108.88	-108.50	-108.27	60.6
60544.07292	G02	-110.53	-110.63	-108.45	29.9
60544.07292	G10	-108.88	-108.54	-107.80	33.9
60544.07639	G02	-109.95	-109.75	-109.03	31.8
60544.07639	G08	-109.52	-109.16	-108.82	59.5
60544.07639	G10	-109.93	-109.83	-107.19	32.2
60544.07639	G21	-109.31	-109.11	-109.29	46.4
60544.07639	G27	-109.23	-109.00	-107.88	44.4
60544.07639	G28	-107.42	-107.22	-108.53	13.1
60544.07639	G32	-110.17	-109.83	-108.80	57.2
60544.07986	G28	-107.68	-107.24	-106.18	14.5
60544.07986	G32	-110.99	-110.54	-109.12	55.8
60544.07986	G27	-109.74	-109.23	-108.13	41.9
60544.07986	G21	-109.53	-109.55	-108.73	48.6
60544.07986	G02	-110.24	-110.02	-109.29	33.8
60544.07986	G08	-109.53	-109.17	-108.01	58.2
60544.07986	G10	-110.25	-110.33	-107.13	30.4
60544.08333	G32	-109.61	-109.23	-108.22	54.3
60544.08333	G27	-109.88	-109.23	-108.27	39.5
60544.08333	G28	-108.54	-108.20	-109.85	16.0
60544.08333	G21	-109.19	-108.95	-109.06	50.7
60544.08333	G02	-111.05	-110.76	-108.10	35.8
60544.08333	G08	-109.32	-108.97	-109.14	56.7
60544.08333	G10	-110.48	-110.25	-106.27	28.7
60544.08681	G28	-110.37	-110.57	-107.32	17.4
60544.08681	G02	-109.24	-109.08	-109.96	37.9
60544.08681	G08	-109.53	-109.20	-108.07	55.1
60544.08681	G10	-110.08	-110.10	-108.10	27.1
60544.08681	G21	-109.46	-109.14	-108.47	52.9
60544.08681	G27	-109.23	-108.51	-108.64	37.0
60544.08681	G32	-109.95	-109.74	-108.65	52.7
60544.09028	G28	-108.64	-108.60	-108.52	18.8
60544.09028	G32	-109.59	-109.50	-108.79	51.0
60544.09028	G27	-109.35	-108.99	-108.06	34.6
60544.09028	G21	-109.55	-109.32	-108.00	55.2
60544.09028	G08	-109.22	-109.00	-109.40	53.3
60544.09028	G02	-110.18	-110.05	-108.05	40.0
60544.09028	G10	-110.54	-110.39	-109.31	25.5
60544.09375	G02	-110.18	-109.91	-108.50	42.1
60544.09375	G08	-109.63	-109.34	-108.79	51.5
60544.09375	G10	-109.74	-109.81	-108.68	23.9
60544.09375	G21	-108.88	-108.69	-109.19	57.5
60544.09375	G27	-110.30	-110.32	-108.20	32.2
60544.09375	G28	-108.82	-108.60	-108.80	20.2
60544.09375	G32	-109.68	-109.50	-108.82	49.2
60544.09722	G32	-109.77	-109.46	-108.68	47.3
60544.09722	G28	-109.51	-109.28	-109.16	21.6
60544.09722	G27	-110.14	-109.86	-109.25	29.8
60544.09722	G21	-109.63	-109.33	-108.80	59.8
60544.09722	G10	-110.22	-110.26	-109.56	22.3
60544.09722	G08	-109.89	-109.65	-109.18	49.5
60544.09722	G02	-109.63	-109.58	-108.32	44.3
60544.10069	G32	-109.04	-108.90	-108.75	45.3
60544.10069	G31	-108.30	-107.05	-108.63	12.7
60544.10069	G28	-109.70	-109.97	-110.49	22.9
60544.10069	G27	-108.74	-108.46	-108.43	27.5
60544.10069	G21	-108.89	-108.55	-107.40	62.2
60544.10069	G10	-108.74	-109.05	-108.34	20.8
60544.10069	G08	-109.49	-109.26	-108.89	47.5
60544.10069	G03	-108.51	-106.68	-108.04	23.3
60544.10069	G02	-109.60	-109.31	-109.39	46.5
60544.10417	G31	-110.74	-109.17	-108.29	14.3
60544.10417	G28	-108.54	-108.85	-107.04	24.2
60544.10417	G27	-109.94	-109.84	-111.34	25.2
60544.10417	G21	-110.17	-110.02	-108.13	64.6
60544.10417	G32	-109.89	-109.93	-108.59	43.3
60544.10417	G08	-109.43	-109.01	-108.84	45.5
60544.10417	G03	-108.40	-107.48	-107.68	24.6
60544.10417	G02	-109.50	-109.33	-108.28	48.8
60544.10417	G10	-110.04	-110.05	-111.17	19.3
60544.10764	G28	-110.30	-110.49	-110.86	25.5
60544.10764	G10	-108.40	-108.18	-109.52	17.8
60544.10764	G32	-110.29	-109.96	-109.65	41.3
60544.10764	G31	-109.15	-108.44	-106.87	16.0
60544.10764	G27	-109.18	-109.09	-108.57	22.9
60544.10764	G03	-108.61	-107.94	-108.91	26.0
60544.10764	G08	-108.72	-108.35	-108.20	43.4
60544.10764	G21	-109.09	-108.84	-109.06	67.0
60544.10764	G02	-110.01	-109.96	-108.48	51.1
60544.11111	G02	-109.12	-109.03	-109.09	53.4
60544.11111	G03	-108.82	-108.21	-109.20	27.3
60544.11111	G08	-110.19	-109.91	-109.43	41.3
60544.11111	G10	-108.65	-108.34	-109.94	16.3
60544.11111	G21	-108.80	-108.51	-108.04	69.5
60544.11111	G27	-110.14	-109.99	-108.32	20.7
60544.11111	G28	-110.24	-109.95	-108.77	26.7
60544.11111	G31	-108.63	-108.26	-109.08	17.6
60544.11111	G32	-110.26	-109.65	-108.90	39.2
60544.11458	G32	-109.28	-108.58	-108.49	37.2
60544.11458	G31	-109.29	-109.05	-108.97	19.3
60544.11458	G28	-109.52	-109.16	-109.04	27.9
60544.11458	G27	-109.46	-108.65	-107.12	18.5
60544.11458	G21	-108.35	-108.00	-108.01	72.0
60544.11458	G10	-111.29	-110.99	-108.64	14.9
60544.11458	G08	-109.43	-109.22	-108.30	39.1
60544.11458	G03	-108.45	-107.93	-106.31	28.7
60544.11458	G02	-109.26	-108.77	-109.01	55.7
60544.11806	G32	-109.10	-108.70	-108.53	35.1
60544.11806	G31	-108.85	-108.81	-108.58	21.0
60544.11806	G28	-108.79	-108.55	-107.90	29.0
60544.11806	G27	-110.30	-109.83	-109.41	16.4
60544.11806	G21	-109.49	-109.16	-108.72	74.6
60544.11806	G10	-108.88	-109.45	-111.01	13.5
60544.11806	G08	-109.25	-109.09	-108.18	37.0
60544.11806	G03	-109.56	-109.21	-107.16	30.0
60544.11806	G02	-110.15	-109.61	-107.53	58.1
60544.12153	G32	-109.68	-109.31	-107.98	33.0
60544.12153	G28	-110.08	-109.85	-109.46	30.0
60544.12153	G27	-109.87	-109.86	-107.82	14.2
60544.12153	G21	-108.73	-108.31	-108.35	77.2
60544.12153	G31	-109.00	-108.77	-108.16	22.6
60544.12153	G08	-110.42	-110.30	-109.61	34.9
60544.12153	G03	-108.55	-108.16	-106.96	31.3
60544.12153	G02	-109.41	-108.94	-108.26	60.5
60544.12153	G10	-109.26	-108.87	-108.63	12.1
60544.12500	G32	-110.46	-109.85	-110.24	30.9
60544.12500	G31	-109.83	-109.84	-108.57	24.3
60544.12500	G28	-109.46	-109.18	-109.69	30.9
60544.12500	G27	-109.71	-109.69	-107.76	12.2
60544.12500	G21	-109.61	-109.18	-107.95	79.8
60544.12500	G10	-109.76	-109.33	-110.48	10.8
60544.12500	G03	-109.50	-109.12	-107.93	32.6
60544.12500	G02	-108.91	-108.50	-109.04	63.0
60544.12500	G08	-109.25	-109.06	-108.67	32.7
60544.12847	G32	-109.49	-109.10	-110.30	28.9
60544.12847	G31	-109.11	-109.02	-108.21	26.0
60544.12847	G28	-109.61	-109.16	-109.68	31.7
60544.12847	G21	-109.42	-109.00	-108.07	82.5
60544.12847	G27	-109.92	-109.26	-108.81	10.5
60544.12847	G03	-108.55	-108.04	-109.74	33.9
60544.12847	G02	-109.74	-109.30	-109.75	65.4
60544.12847	G08	-110.30	-109.72	-110.24	30.6
60544.13194	G32	-109.77	-109.69	-106.04	26.8
60544.13194	G28	-109.47	-108.98	-109.15	32.4
60544.13194	G21	-108.93	-108.57	-108.06	85.1
60544.13194	G31	-109.65	-109.31	-108.99	27.7
60544.13194	G04	-109.42	-109.05	-109.78	20.0
60544.13194	G03	-109.05	-108.56	-108.52	35.3
60544.13194	G02	-108.84	-108.47	-108.60	67.9
60544.13194	G08	-109.86	-109.35	-108.44	28.5
60544.13542	G32	-108.73	-108.27	-109.80	24.8
60544.13542	G02	-109.49	-109.14	-108.61	70.4
60544.13542	G03	-109.66	-109.54	-109.62	36.6
60544.13542	G04	-108.72	-108.48	-108.09	22.0
60544.13542	G08	-108.95	-108.48	-110.32	26.4
60544.13542	G21	-108.60	-108.26	-109.07	87.8
60544.13542	G28	-109.64	-109.35	-109.50	33.0
60544.13542	G31	-109.87	-109.49	-107.95	29.3
60544.13889	G31	-108.99	-108.72	-108.48	30.9
60544.13889	G28	-109.91	-109.52	-108.50	33.5
60544.13889	G32	-109.95	-110.10	-105.92	22.8
60544.13889	G21	-109.04	-108.78	-107.99	89.1
60544.13889	G08	-108.99	-108.79	-110.16	24.3
60544.13889	G17	-112.06	-111.83	-112.80	10.5
60544.13889	G04	-108.22	-107.64	-108.79	24.1
60544.13889	G03	-108.62	-108.43	-108.58	37.9
60544.13889	G02	-107.86	-107.59	-108.66	72.9
60544.14236	G32	-111.08	-111.57	-105.39	20.7
60544.14236	G31	-109.18	-109.08	-108.91	32.5
60544.14236	G28	-110.19	-109.78	-109.25	33.9
60544.14236	G21	-108.58	-108.21	-109.14	86.6
60544.14236	G17	-111.59	-111.72	-110.98	11.6
60544.14236	G08	-108.89	-108.86	-107.33	22.3
60544.14236	G04	-109.03	-108.57	-106.74	26.2
60544.14236	G03	-109.40	-108.90	-108.17	39.2
60544.14236	G02	-108.66	-108.28	-108.71	75.3
60544.14583	G32	-111.13	-111.20	-110.24	18.8
60544.14583	G31	-109.58	-109.52	-108.70	34.1
60544.14583	G28	-108.42	-108.34	-109.54	34.1
60544.14583	G21	-109.08	-108.65	-108.82	83.9
60544.14583	G17	-110.42	-111.00	-109.33	12.8
60544.14583	G08	-109.49	-109.46	-108.91	20.3
60544.14583	G04	-109.42	-109.19	-108.11	28.2
60544.14583	G03	-109.73	-109.43	-109.39	40.5
60544.14583	G02	-109.60	-109.31	-108.95	77.7
60544.14931	G32	-110.79	-109.76	-108.82	16.8
60544.14931	G31	-109.97	-109.88	-109.36	35.6
60544.14931	G28	-108.80	-108.79	-109.21	34.2
60544.14931	G21	-108.70	-108.28	-109.02	81.1
60544.14931	G17	-110.54	-110.61	-108.11	14.0
60544.14931	G08	-109.45	-109.14	-112.94	18.3
60544.14931	G04	-110.46	-110.10	-108.14	30.3
60544.14931	G03	-109.21	-108.68	-107.52	41.8
60544.14931	G02	-109.03	-108.72	-108.75	79.9
60544.15278	G32	-110.09	-109.58	-109.18	14.9
60544.15278	G31	-108.73	-108.49	-109.33	37.1
60544.15278	G21	-108.90	-108.54	-108.30	78.4
60544.15278	G17	-111.54	-110.69	-106.70	15.2
60544.15278	G28	-109.26	-109.11	-108.18	34.1
60544.15278	G04	-109.30	-108.84	-107.69	32.4
60544.15278	G08	-110.09	-109.93	-109.33	16.3
60544.15278	G03	-110.31	-109.81	-108.88	43.1
60544.15278	G02	-109.66	-109.40	-108.32	81.9
60544.15625	G32	-109.82	-110.45	-106.87	13.0
60544.15625	G31	-108.39	-107.97	-108.69	38.5
60544.15625	G28	-108.94	-108.70	-108.42	34.0
60544.15625	G21	-109.30	-108.97	-108.86	75.6
60544.15625	G17	-110.08	-108.97	-109.10	16.2
60544.15625	G08	-109.11	-108.94	-107.78	14.4
60544.15625	G04	-109.44	-108.98	-109.56	34.4
60544.15625	G03	-110.02	-109.51	-108.95	44.4
60544.15625	G02	-109.56	-109.24	-107.87	83.3
60544.15972	G31	-109.73	-109.67	-109.61	39.8
60544.15972	G32	-108.47	-108.77	-109.42	11.1
60544.15972	G21	-109.32	-109.10	-107.55	72.8
60544.15972	G17	-110.04	-109.23	-107.48	17.2
60544.15972	G28	-108.89	-108.58	-109.24	33.7
60544.15972	G04	-109.21	-108.83	-109.23	36.5
60544.15972	G03	-109.24	-108.79	-108.59	45.7
60544.15972	G02	-108.98	-108.72	-109.14	83.7
60544.15972	G08	-108.74	-108.35	-109.77	12.6
60544.16319	G31	-109.80	-109.52	-109.14	41.0
60544.16319	G21	-108.94	-108.69	-108.65	70.0
60544.16319	G17	-110.47	-109.97	-106.74	18.1
60544.16319	G28	-108.99	-108.67	-109.18	33.2
60544.16319	G04	-109.24	-108.90	-110.64	38.6
60544.16319	G03	-110.03	-109.61	-108.32	47.0
60544.16319	G02	-109.24	-109.09	-109.09	83.1
60544.16319	G08	-110.21	-110.07	-110.23	10.8
60544.16667	G02	-109.60	-109.41	-108.63	81.5
60544.16667	G03	-109.92	-109.34	-109.39	48.3
60544.16667	G04	-109.82	-109.68	-109.46	40.6
60544.16667	G17	-109.79	-109.30	-110.93	18.8
60544.16667	G21	-108.98	-108.68	-108.82	67.3
60544.16667	G28	-109.95	-109.57	-109.35	32.7
60544.16667	G31	-109.13	-108.74	-109.71	42.1
60544.17014	G21	-110.06	-109.78	-108.54	64.5
60544.17014	G31	-110.30	-110.08	-107.98	43.1
60544.17014	G17	-109.85	-109.57	-110.72	19.5
60544.17014	G28	-111.07	-110.84	-107.51	32.0
60544.17014	G03	-108.92	-108.57	-108.73	49.6
60544.17014	G04	-110.36	-110.04	-109.31	42.6
60544.17014	G02	-108.85	-108.58	-108.56	79.4
60544.17361	G28	-110.53	-110.18	-108.77	31.1
60544.17361	G21	-108.92	-108.49	-109.22	61.8
60544.17361	G17	-110.10	-109.75	-111.35	20.1
60544.17361	G31	-108.84	-108.56	-108.48	44.0
60544.17361	G03	-109.99	-109.70	-107.94	50.9
60544.17361	G02	-109.32	-109.00	-108.86	77.1
60544.17361	G04	-110.36	-110.10	-108.25	44.6
60544.17708	G02	-109.76	-109.30	-108.86	74.6
60544.17708	G03	-109.63	-109.34	-109.08	52.2
60544.17708	G04	-109.76	-109.53	-109.79	46.6
60544.17708	G17	-109.80	-109.38	-110.26	20.5
60544.17708	G21	-109.25	-108.85	-108.70	59.0
60544.17708	G28	-109.79	-109.32	-108.07	30.2
60544.17708	G31	-109.65	-109.36	-108.13	44.8
60544.18056	G28	-108.53	-108.15	-109.25	29.2
60544.18056	G31	-109.15	-108.84	-109.00	45.4
60544.18056	G21	-109.66	-109.27	-108.71	56.3
60544.18056	G02	-109.46	-109.13	-108.45	72.1
60544.18056	G04	-109.59	-109.22	-109.11	48.5
60544.18056	G03	-109.01	-108.69	-109.12	53.5
60544.18056	G17	-110.29	-110.04	-107.21	20.8
60544.18403	G02	-109.44	-109.12	-108.76	69.5
60544.18403	G03	-110.14	-109.90	-108.28	54.8
60544.18403	G04	-109.66	-109.48	-108.01	50.5
60544.18403	G19	-108.88	-108.11	-107.81	10.3
60544.18403	G21	-109.28	-108.94	-108.26	53.6
60544.18403	G28	-109.68	-109.62	-107.84	28.0
60544.18403	G31	-109.71	-109.49	-108.88	45.8
60544.18750	G21	-109.43	-109.18	-107.35	50.9
60544.18750	G28	-108.78	-108.63	-110.07	26.8
60544.18750	G19	-109.44	-108.90	-110.26	11.1
60544.18750	G31	-110.44	-110.25	-109.13	46.1
60544.18750	G04	-109.71	-109.37	-109.10	52.3
60544.18750	G03	-109.46	-109.19	-109.04	56.0
60544.18750	G02	-109.29	-108.88	-108.94	66.8
60544.19097	G31	-110.26	-110.25	-107.81	46.2
60544.19097	G28	-110.45	-110.03	-107.59	25.5
60544.19097	G21	-109.72	-109.64	-108.93	48.3
60544.19097	G19	-109.13	-107.87	-111.35	11.8
60544.19097	G17	-109.78	-109.30	-109.92	21.2
60544.19097	G04	-110.43	-110.15	-107.35	54.2
60544.19097	G03	-109.16	-108.84	-109.63	57.3
60544.19097	G02	-110.17	-109.87	-107.91	64.2
60544.19444	G28	-108.43	-108.32	-110.39	24.1
60544.19444	G21	-109.59	-109.64	-107.80	45.7
60544.19444	G19	-109.58	-108.93	-113.64	12.4
60544.19444	G17	-108.66	-108.09	-107.00	21.1
60544.19444	G31	-110.54	-110.25	-109.24	46.2
60544.19444	G04	-109.57	-109.33	-107.49	56.0
60544.19444	G03	-109.64	-109.24	-108.21	58.6
60544.19444	G02	-109.66	-109.34	-108.83	61.6
60544.19792	G28	-110.67	-110.37	-107.65	22.7
60544.19792	G21	-111.19	-111.11	-109.60	43.0
60544.19792	G19	-111.00	-110.42	-111.09	13.0
60544.19792	G17	-110.97	-110.15	-110.87	20.8
60544.19792	G31	-110.68	-110.32	-108.33	46.0
60544.19792	G04	-109.81	-109.69	-108.56	57.7
60544.19792	G03	-109.40	-108.74	-108.60	59.8
60544.19792	G02	-109.65	-109.59	-108.75	58.9
60544.20139	G31	-110.24	-109.84	-108.10	45.6
60544.20139	G28	-110.05	-109.84	-110.19	21.2
60544.20139	G21	-110.23	-110.21	-107.74	40.5
60544.20139	G19	-109.09	-108.50	-106.26	13.4
60544.20139	G04	-109.94	-109.55	-110.10	59.3
60544.20139	G03	-109.32	-108.94	-108.51	61.0
60544.20139	G02	-109.54	-109.34	-107.87	56.3
60544.20139	G09	-110.18	-110.68	-110.47	24.2
60544.20486	G21	-108.60	-108.41	-108.02	37.9
60544.20486	G31	-110.55	-110.31	-108.83	45.1
60544.20486	G28	-111.46	-111.42	-108.23	19.6
60544.20486	G19	-108.24	-108.06	-106.48	13.7
60544.20486	G09	-109.29	-109.22	-109.81	25.9
60544.20486	G04	-109.73	-109.34	-109.05	60.9
60544.20486	G03	-110.45	-110.09	-108.35	62.1
60544.20486	G02	-109.85	-109.54	-108.73	53.7
60544.20833	G31	-109.84	-109.58	-108.73	44.4
60544.20833	G28	-110.77	-110.17	-109.93	18.0
60544.20833	G21	-109.82	-110.02	-109.98	35.4
60544.20833	G09	-109.59	-109.21	-112.34	27.5
60544.20833	G04	-109.30	-108.92	-109.94	62.4
60544.20833	G03	-109.79	-109.46	-107.90	63.2
60544.20833	G02	-110.04	-109.68	-109.56	51.1
60544.21181	G31	-109.94	-109.89	-109.50	43.6
60544.21181	G28	-109.21	-108.21	-109.99	16.3
60544.21181	G21	-110.21	-110.17	-108.86	32.9
60544.21181	G09	-109.64	-109.09	-107.97	29.1
60544.21181	G04	-109.04	-108.68	-108.07	63.7
60544.21181	G03	-109.57	-109.19	-108.08	64.3
60544.21181	G02	-109.39	-109.07	-109.46	48.5
60544.21528	G31	-109.73	-109.69	-109.08	42.6
60544.21528	G02	-109.18	-108.87	-108.29	46.0
60544.21528	G03	-109.42	-109.03	-108.14	65.3
60544.21528	G04	-108.95	-108.59	-108.47	65.0
60544.21528	G06	-110.26	-109.72	-111.99	10.1
60544.21528	G09	-109.44	-109.09	-109.76	30.7
60544.21528	G21	-109.22	-109.02	-108.45	30.5
60544.21528	G28	-110.04	-110.19	-110.30	14.7
60544.21875	G26	-111.92	-111.05	-109.17	10.3
60544.21875	G21	-109.21	-108.93	-107.55	28.1
60544.21875	G31	-109.64	-109.16	-108.17	41.5
60544.21875	G28	-109.40	-109.44	-110.41	12.9
60544.21875	G09	-109.51	-109.02	-109.21	32.3
60544.21875	G06	-111.13	-110.43	-109.54	11.1
60544.21875	G04	-108.95	-108.75	-108.79	66.1
60544.21875	G03	-109.30	-108.93	-108.54	66.2
60544.21875	G02	-108.88	-108.66	-110.63	43.4
60544.22222	G31	-109.75	-109.17	-109.38	40.3
60544.22222	G28	-108.92	-108.45	-109.14	11.2
60544.22222	G26	-109.17	-108.57	-109.26	11.2
60544.22222	G21	-109.36	-108.87	-107.85	25.7
60544.22222	G09	-109.06	-108.57	-109.59	33.9
60544.22222	G06	-113.95	-113.40	-104.47	13.0
60544.22222	G04	-108.72	-108.54	-107.96	67.1
60544.22222	G03	-109.21	-108.90	-108.34	67.0
60544.22222	G02	-110.33	-110.10	-109.90	41.0
60544.22569	G31	-109.66	-109.15	-108.81	39.0
60544.22569	G28	-108.65	-107.45	-108.08	10.1
60544.22569	G26	-110.67	-110.18	-109.27	12.0
60544.22569	G21	-109.51	-109.22	-110.20	23.4
60544.22569	G04	-108.83	-108.44	-107.82	67.9
60544.22569	G09	-109.86	-109.59	-109.26	35.4
60544.22569	G06	-111.88	-111.85	-105.98	14.8
60544.22569	G03	-108.80	-108.56	-109.17	67.7
60544.22569	G02	-109.45	-109.20	-111.02	38.5
60544.22917	G31	-109.70	-109.31	-108.76	37.6
60544.22917	G02	-110.20	-109.69	-109.11	36.1
60544.22917	G03	-109.68	-109.40	-108.88	68.2
60544.22917	G04	-108.68	-108.36	-108.36	68.5
60544.22917	G06	-110.06	-110.19	-106.72	16.7
60544.22917	G09	-109.16	-108.96	-108.84	37.0
60544.22917	G21	-109.07	-108.93	-108.59	21.1
60544.22917	G26	-110.61	-110.66	-109.30	12.7
60544.23264	G21	-109.48	-109.32	-111.87	18.8
60544.23264	G06	-112.13	-111.77	-108.69	18.5
60544.23264	G31	-109.58	-109.39	-108.05	36.1
60544.23264	G26	-108.46	-108.38	-109.01	13.4
60544.23264	G02	-110.50	-109.98	-106.89	33.6
60544.23264	G09	-109.45	-109.03	-108.95	38.5
60544.23264	G04	-109.76	-109.46	-108.13	68.9
60544.23264	G03	-109.39	-109.20	-108.51	68.6
60544.23611	G31	-109.60	-109.32	-109.74	34.5
60544.23611	G26	-110.06	-109.60	-108.87	14.0
60544.23611	G21	-109.85	-109.67	-108.35	16.6
60544.23611	G06	-110.57	-110.20	-109.42	20.4
60544.23611	G04	-109.44	-109.06	-108.35	69.1
60544.23611	G03	-109.76	-109.39	-108.95	68.8
60544.23611	G02	-109.05	-108.60	-107.64	31.3
60544.23611	G09	-110.23	-109.64	-108.04	39.9
60544.23958	G31	-109.52	-109.38	-108.84	32.9
60544.23958	G26	-110.62	-110.23	-109.63	14.6
60544.23958	G21	-108.36	-108.24	-108.57	14.4
60544.23958	G02	-109.35	-109.23	-107.84	28.9
60544.23958	G06	-111.10	-111.00	-110.02	22.1
60544.23958	G04	-109.70	-109.38	-108.68	69.2
60544.23958	G03	-109.30	-108.84	-108.87	68.9
60544.23958	G09	-109.40	-108.92	-106.19	41.4
60544.24306	G31	-110.36	-109.83	-109.04	31.2
60544.24306	G21	-109.09	-108.88	-106.36	12.3
60544.24306	G16	-109.95	-107.45	-108.59	10.2
60544.24306	G26	-110.02	-109.87	-108.79	15.1
60544.24306	G06	-109.86	-109.64	-109.03	23.9
60544.24306	G04	-108.18	-107.93	-109.01	69.1
60544.24306	G03	-109.11	-108.66	-108.72	68.7
60544.24306	G02	-108.59	-108.69	-108.32	26.6
60544.24306	G09	-110.53	-110.12	-108.55	42.8
60544.24653	G31	-110.13	-109.62	-109.50	29.5
60544.24653	G26	-109.59	-109.33	-107.77	15.5
60544.24653	G21	-112.82	-113.97	-107.86	10.6
60544.24653	G16	-110.26	-108.14	-112.33	10.9
60544.24653	G07	-108.91	-108.44	-107.32	14.6
60544.24653	G06	-110.86	-110.50	-106.41	25.6
60544.24653	G04	-109.26	-108.98	-107.66	68.7
60544.24653	G03	-109.43	-109.08	-109.36	68.4
60544.24653	G02	-109.93	-110.32	-107.33	24.4
60544.24653	G09	-109.67	-109.35	-107.42	44.2
60544.25000	G16	-109.38	-108.93	-109.37	12.1
60544.25000	G26	-109.59	-109.38	-108.47	15.8
60544.25000	G31	-108.82	-108.36	-108.38	27.8
60544.25000	G09	-109.33	-108.78	-108.59	45.6
60544.25000	G04	-108.96	-108.66	-108.96	68.3
60544.25000	G06	-110.27	-110.02	-108.11	27.3
60544.25000	G03	-109.27	-108.91	-109.50	67.9
60544.25000	G02	-110.00	-110.08	-108.29	22.2
60544.25000	G07	-110.08	-109.52	-108.77	16.7
60544.25347	G31	-109.44	-108.78	-110.31	26.0
60544.25347	G26	-110.73	-110.72	-109.41	16.0
60544.25347	G16	-111.38	-111.16	-107.19	13.3
60544.25347	G09	-110.23	-109.85	-109.89	46.9
60544.25347	G07	-108.67	-108.61	-109.60	18.8
60544.25347	G04	-110.01	-109.65	-108.74	67.6
60544.25347	G03	-109.26	-108.85	-108.95	67.1
60544.25347	G02	-108.42	-108.18	-108.61	20.0
60544.25347	G06	-110.09	-109.91	-109.74	28.9
60544.25694	G09	-109.35	-109.07	-108.86	48.2
60544.25694	G26	-110.23	-109.98	-109.16	16.2
60544.25694	G16	-110.50	-109.73	-110.47	14.4
60544.25694	G07	-110.58	-110.76	-109.31	21.0
60544.25694	G31	-110.58	-109.97	-110.26	24.2
60544.25694	G04	-108.70	-108.35	-108.23	66.9
60544.25694	G03	-109.26	-108.95	-108.37	66.2
60544.25694	G02	-108.50	-108.16	-108.87	17.8
60544.25694	G06	-109.93	-109.84	-108.69	30.4
60544.26042	G26	-110.79	-110.30	-108.75	16.3
60544.26042	G16	-109.48	-108.73	-109.51	15.5
60544.26042	G31	-109.54	-109.21	-108.20	22.3
60544.26042	G07	-109.62	-109.43	-107.51	23.1
60544.26042	G09	-109.83	-109.56	-108.64	49.5
60544.26042	G06	-110.24	-110.27	-109.93	31.9
60544.26042	G04	-109.17	-108.92	-107.88	66.0
60544.26042	G03	-109.07	-108.75	-108.18	65.2
60544.26042	G02	-109.69	-109.59	-111.22	15.7
60544.26389	G31	-109.37	-109.10	-110.52	20.5
60544.26389	G26	-110.55	-110.01	-109.53	16.3
60544.26389	G16	-108.55	-108.01	-109.14	16.6
60544.26389	G09	-109.24	-108.89	-109.28	50.7
60544.26389	G07	-109.92	-109.57	-108.17	25.3
60544.26389	G06	-110.23	-110.13	-109.90	33.3
60544.26389	G04	-109.38	-109.18	-108.45	65.0
60544.26389	G03	-109.45	-109.19	-108.58	64.0
60544.26389	G02	-109.99	-109.96	-110.96	13.6
60544.26736	G31	-109.31	-108.44	-109.52	18.6
60544.26736	G26	-110.00	-109.48	-110.52	16.1
60544.26736	G16	-109.47	-109.48	-108.48	17.6
60544.26736	G09	-109.30	-108.86	-109.23	51.9
60544.26736	G06	-109.22	-109.30	-108.89	34.6
60544.26736	G04	-109.85	-109.69	-109.19	64.0
60544.26736	G03	-108.83	-108.74	-108.24	62.7
60544.26736	G02	-111.03	-111.41	-108.41	11.6
60544.26736	G07	-109.67	-109.17	-108.14	27.5
60544.27083	G02	-110.22	-110.44	-107.09	10.4
60544.27083	G03	-109.77	-109.59	-108.16	61.2
60544.27083	G04	-109.72	-109.48	-107.95	62.9
60544.27083	G06	-110.78	-110.69	-108.35	35.8
60544.27083	G07	-109.43	-108.89	-110.06	29.8
60544.27083	G09	-109.20	-108.75	-108.73	53.1
60544.27083	G16	-109.90	-109.40	-109.22	18.6
60544.27083	G26	-109.13	-108.69	-107.79	15.9
60544.27083	G31	-110.97	-109.21	-110.74	16.8
60544.27431	G26	-109.82	-109.84	-108.52	15.6
60544.27431	G31	-107.96	-106.59	-106.65	14.9
60544.27431	G16	-109.71	-109.26	-107.64	19.5
60544.27431	G09	-110.13	-109.92	-108.18	54.2
60544.27431	G06	-110.97	-110.85	-108.16	36.8
60544.27431	G04	-109.94	-109.80	-108.88	61.7
60544.27431	G03	-110.20	-109.90	-108.45	59.7
60544.27431	G07	-109.00	-108.66	-109.15	32.1
60544.27778	G03	-109.93	-109.77	-108.74	58.1
60544.27778	G04	-109.25	-108.96	-108.47	60.5
60544.27778	G06	-110.09	-109.79	-106.91	37.8
60544.27778	G07	-109.23	-108.84	-109.21	34.4
60544.27778	G09	-109.71	-109.42	-108.34	55.3
60544.27778	G16	-109.70	-109.02	-108.72	20.4
60544.27778	G26	-110.04	-110.10	-107.49	15.2
60544.27778	G31	-109.02	-109.27	-107.87	13.0
60544.28125	G16	-110.40	-109.82	-109.42	21.1
60544.28125	G31	-108.27	-107.95	-110.26	11.2
60544.28125	G26	-109.13	-109.46	-110.03	14.8
60544.28125	G09	-109.77	-109.62	-108.48	56.3
60544.28125	G07	-109.60	-109.28	-109.91	36.6
60544.28125	G06	-111.01	-110.61	-107.88	38.6
60544.28125	G04	-109.69	-109.38	-109.12	59.3
60544.28125	G03	-109.18	-109.15	-109.48	56.4
60544.28472	G03	-110.14	-110.04	-109.15	54.6
60544.28472	G04	-109.94	-109.62	-108.70	58.0
60544.28472	G06	-110.44	-110.26	-109.49	39.2
60544.28472	G07	-110.04	-109.60	-109.80	39.0
60544.28472	G09	-109.63	-109.41	-108.66	57.3
60544.28472	G16	-109.84	-109.48	-108.41	21.8
60544.28472	G26	-109.57	-109.60	-109.35	14.2
60544.28472	G31	-110.37	-110.16	-112.14	10.1
60544.28819	G11	-109.74	-109.71	-113.59	10.5
60544.28819	G09	-109.14	-108.91	-107.89	58.2
60544.28819	G07	-108.96	-108.72	-107.54	41.3
60544.28819	G16	-110.06	-109.62	-108.41	22.4
60544.28819	G04	-108.74	-108.37	-108.81	56.7
60544.28819	G03	-109.70	-109.50	-108.96	52.7
60544.28819	G06	-110.82	-110.71	-109.40	39.7
60544.28819	G26	-109.74	-108.99	-108.21	13.5
60544.29167	G26	-109.80	-108.89	-109.20	12.8
60544.29167	G16	-110.26	-109.95	-109.93	23.0
60544.29167	G09	-109.57	-109.34	-109.01	59.0
60544.29167	G11	-109.04	-108.70	-113.38	11.8
60544.29167	G06	-110.69	-110.26	-107.78	40.1
60544.29167	G07	-109.99	-109.98	-107.88	43.7
60544.29167	G04	-110.10	-109.80	-108.98	55.4
60544.29167	G03	-108.87	-108.63	-108.41	50.9
60544.29514	G26	-109.96	-109.92	-108.23	11.9
60544.29514	G16	-109.23	-108.74	-109.17	23.4
60544.29514	G11	-111.09	-111.08	-110.66	13.2
60544.29514	G09	-109.67	-109.24	-108.65	59.9
60544.29514	G07	-110.06	-109.74	-108.74	46.0
60544.29514	G06	-110.02	-109.55	-107.28	40.3
60544.29514	G04	-109.38	-109.12	-109.02	54.1
60544.29514	G03	-108.38	-108.12	-109.96	48.9
60544.29861	G26	-110.07	-110.49	-110.02	11.0
60544.29861	G16	-109.08	-108.80	-108.99	23.8
60544.29861	G11	-110.02	-110.25	-108.97	14.5
60544.29861	G09	-109.77	-109.41	-108.51	60.6
60544.29861	G06	-109.12	-108.51	-106.92	40.3
60544.29861	G04	-109.54	-109.15	-109.20	52.8
60544.29861	G03	-109.47	-109.10	-109.25	47.0
60544.29861	G07	-109.98	-109.63	-108.91	48.4
60544.30208	G26	-110.47	-111.12	-111.36	10.3
60544.30208	G16	-108.60	-108.55	-108.22	24.0
60544.30208	G11	-109.40	-109.27	-106.74	15.8
60544.30208	G09	-109.34	-109.02	-108.19	61.3
60544.30208	G06	-109.29	-108.79	-108.92	40.2
60544.30208	G04	-109.42	-108.98	-109.05	51.5
60544.30208	G03	-109.61	-109.20	-108.84	45.0
60544.30208	G07	-109.39	-108.86	-109.04	50.8
60544.30556	G03	-109.98	-109.67	-109.24	43.0
60544.30556	G04	-110.14	-109.88	-108.77	50.1
60544.30556	G06	-110.33	-110.06	-109.09	39.9
60544.30556	G07	-109.57	-109.24	-109.28	53.1
60544.30556	G09	-109.79	-109.41	-108.94	61.9
60544.30556	G11	-110.55	-110.19	-107.86	17.0
60544.30556	G16	-109.76	-109.51	-108.86	24.1
60544.30556	G30	-111.51	-111.84	-105.46	21.4
60544.30903	G11	-111.00	-110.57	-108.49	18.1
60544.30903	G30	-110.63	-110.43	-106.73	23.4
60544.30903	G16	-110.12	-109.82	-108.49	24.2
60544.30903	G09	-109.92	-109.58	-107.56	62.4
60544.30903	G03	-108.72	-108.58	-108.42	40.9
60544.30903	G06	-110.83	-110.52	-110.68	39.5
60544.30903	G04	-109.25	-109.22	-108.17	48.8
60544.30903	G07	-109.32	-109.05	-108.77	55.5
60544.31250	G03	-109.79	-109.48	-109.43	38.8
60544.31250	G04	-109.79	-109.67	-108.70	47.5
60544.31250	G06	-110.44	-110.20	-110.03	38.9
60544.31250	G07	-109.76	-109.32	-108.57	57.8
60544.31250	G09	-109.57	-109.28	-108.69	62.9
60544.31250	G11	-109.83	-109.56	-107.64	19.1
60544.31250	G16	-109.37	-108.73	-107.76	24.1
60544.31250	G30	-110.87	-110.67	-109.05	25.5
60544.31597	G30	-110.32	-110.19	-110.42	27.5
60544.31597	G11	-110.61	-110.31	-109.12	20.1
60544.31597	G09	-109.99	-109.79	-108.58	63.3
60544.31597	G16	-110.58	-110.30	-106.99	23.9
60544.31597	G06	-108.99	-108.70	-108.71	38.1
60544.31597	G04	-110.25	-110.12	-108.25	46.1
60544.31597	G03	-110.19	-110.01	-108.05	36.8
60544.31597	G07	-109.13	-108.84	-107.42	60.2
60544.31944	G30	-110.56	-110.40	-107.58	29.5
60544.31944	G16	-109.53	-109.27	-109.80	23.6
60544.31944	G09	-109.70	-109.31	-107.87	63.5
60544.31944	G11	-109.81	-109.38	-109.09	20.9
60544.31944	G06	-109.92	-109.47	-109.10	37.3
60544.31944	G04	-109.57	-109.34	-108.35	44.8
60544.31944	G03	-109.67	-109.37	-108.60	34.7
60544.31944	G07	-109.64	-109.38	-108.67	62.5
60544.32292	G16	-109.07	-109.21	-106.96	23.2
60544.32292	G03	-109.54	-109.32	-108.60	32.6
60544.32292	G04	-109.51	-109.18	-109.09	43.4
60544.32292	G06	-110.43	-110.00	-110.38	36.3
60544.32292	G07	-108.83	-108.51	-108.15	64.8
60544.32292	G09	-109.27	-108.97	-108.69	63.7
60544.32292	G11	-110.68	-110.25	-108.16	21.7
60544.32292	G30	-110.76	-110.57	-108.01	31.5
60544.32639	G20	-110.43	-110.55	-109.10	11.0
60544.32639	G16	-110.34	-110.39	-110.46	22.7
60544.32639	G30	-111.28	-110.87	-107.15	33.5
60544.32639	G09	-109.80	-109.58	-108.57	63.8
60544.32639	G11	-110.28	-109.95	-107.40	22.3
60544.32639	G06	-109.67	-109.49	-109.00	35.2
60544.32639	G04	-109.96	-109.58	-108.78	42.1
60544.32639	G03	-109.81	-109.62	-110.49	30.5
60544.32639	G07	-108.29	-108.17	-108.55	67.0
60544.32986	G09	-109.69	-109.52	-108.27	63.9
60544.32986	G03	-109.70	-109.53	-108.12	28.3
60544.32986	G04	-109.34	-109.20	-108.22	40.7
60544.32986	G06	-110.20	-110.29	-109.36	34.0
60544.32986	G07	-108.66	-108.53	-108.30	69.2
60544.32986	G11	-108.75	-108.24	-108.24	22.9
60544.32986	G16	-109.20	-108.56	-108.14	22.1
60544.32986	G20	-112.70	-113.64	-112.44	12.8
60544.32986	G30	-110.59	-110.20	-108.96	35.6
60544.33333	G20	-110.64	-111.59	-109.19	14.7
60544.33333	G30	-110.57	-110.26	-109.74	37.6
60544.33333	G16	-108.31	-107.51	-108.56	21.4
60544.33333	G11	-110.05	-109.26	-109.51	23.3
60544.33333	G09	-109.43	-109.24	-108.21	63.8
60544.33333	G07	-109.19	-108.97	-107.74	71.3
60544.33333	G06	-110.23	-110.34	-108.60	32.8
60544.33333	G04	-109.08	-108.80	-108.73	39.4
60544.33333	G03	-109.42	-109.28	-108.52	26.2
60544.33681	G30	-110.25	-110.13	-108.81	39.5
60544.33681	G20	-110.39	-110.54	-110.41	16.6
60544.33681	G16	-110.61	-110.69	-108.57	20.6
60544.33681	G11	-109.92	-109.39	-107.36	23.6
60544.33681	G09	-109.51	-109.14	-108.76	63.6
60544.33681	G07	-109.11	-108.94	-108.77	73.3
60544.33681	G06	-109.09	-108.94	-110.23	31.4
60544.33681	G04	-109.60	-109.47	-109.20	38.0
60544.33681	G03	-109.65	-109.05	-109.21	24.1
60544.34028	G30	-110.51	-110.05	-108.94	41.5
60544.34028	G20	-109.77	-109.12	-108.84	18.5
60544.34028	G16	-109.12	-109.70	-108.72	19.7
60544.34028	G11	-109.03	-109.23	-107.88	23.8
60544.34028	G09	-109.63	-109.32	-109.17	63.3
60544.34028	G07	-108.86	-108.52	-108.33	75.1
60544.34028	G06	-110.16	-109.99	-109.93	30.0
60544.34028	G04	-109.19	-108.76	-108.85	36.7
60544.34028	G03	-109.17	-108.71	-108.12	22.0
60544.34375	G16	-110.05	-110.19	-108.49	18.7
60544.34375	G20	-109.47	-109.10	-107.10	20.3
60544.34375	G30	-109.58	-109.13	-109.08	43.5
60544.34375	G11	-111.03	-111.53	-109.80	23.9
60544.34375	G03	-108.65	-108.05	-107.80	19.9
60544.34375	G07	-110.06	-109.78	-108.87	76.6
60544.34375	G06	-111.15	-110.84	-107.38	28.5
60544.34375	G04	-108.34	-107.83	-108.64	35.3
60544.34375	G09	-109.63	-109.40	-108.47	62.9
60544.34722	G20	-110.25	-109.96	-107.80	22.2
60544.34722	G16	-109.00	-108.69	-108.81	17.7
60544.34722	G11	-109.95	-109.95	-108.70	23.9
60544.34722	G09	-109.86	-109.61	-108.69	62.5
60544.34722	G30	-110.07	-109.81	-109.04	45.4
60544.34722	G06	-109.78	-109.33	-109.45	27.0
60544.34722	G04	-110.13	-109.93	-108.84	34.0
60544.34722	G03	-110.20	-109.72	-108.60	17.8
60544.34722	G07	-109.38	-109.15	-108.71	77.9
60544.35069	G30	-110.07	-109.96	-108.77	47.4
60544.35069	G20	-108.62	-107.93	-109.81	24.1
60544.35069	G16	-108.76	-108.06	-109.68	16.5
60544.35069	G11	-108.41	-108.57	-106.60	23.8
60544.35069	G09	-109.29	-108.84	-108.40	61.9
60544.35069	G06	-110.33	-109.93	-109.50	25.5
60544.35069	G04	-109.71	-109.17	-108.05	32.6
60544.35069	G03	-108.88	-108.71	-106.80	15.7
60544.35069	G07	-109.56	-109.36	-108.36	78.7
60544.35417	G14	-111.58	-109.84	-115.06	10.2
60544.35417	G20	-108.78	-108.23	-108.22	26.0
60544.35417	G16	-109.82	-109.23	-110.39	15.3
60544.35417	G11	-109.73	-109.22	-110.44	23.5
60544.35417	G30	-109.84	-109.84	-109.43	49.3
60544.35417	G07	-109.46	-109.22	-109.02	79.1
60544.35417	G06	-109.16	-108.53	-108.77	23.9
60544.35417	G04	-110.23	-109.79	-108.61	31.2
60544.35417	G03	-109.05	-109.08	-108.72	13.7
60544.35417	G09	-109.70	-109.27	-108.72	61.3
60544.35764	G30	-109.56	-109.40	-108.95	51.1
60544.35764	G20	-107.45	-106.97	-109.98	27.8
60544.35764	G16	-109.21	-108.83	-108.92	14.1
60544.35764	G14	-108.64	-107.92	-110.18	11.4
60544.35764	G11	-108.36	-107.71	-108.54	23.2
60544.35764	G06	-109.09	-108.56	-110.28	22.3
60544.35764	G07	-108.83	-108.58	-108.68	78.9
60544.35764	G09	-109.78	-109.50	-108.92	60.5
60544.35764	G04	-109.48	-109.39	-110.23	29.9
60544.36111	G04	-110.05	-110.05	-110.12	28.5
60544.36111	G06	-109.36	-108.85	-109.26	20.7
60544.36111	G07	-109.43	-109.12	-108.30	78.2
60544.36111	G09	-109.73	-109.57	-109.60	59.7
60544.36111	G11	-109.48	-108.87	-105.69	22.8
60544.36111	G14	-108.16	-107.46	-109.10	13.5
60544.36111	G16	-109.66	-109.69	-109.69	12.7
60544.36111	G20	-109.14	-108.55	-108.24	29.6
60544.36111	G30	-109.43	-109.28	-109.36	52.9
60544.36458	G14	-110.39	-109.78	-107.89	15.5
60544.36458	G30	-110.12	-109.95	-108.70	54.7
60544.36458	G20	-108.94	-108.18	-110.19	31.3
60544.36458	G16	-108.55	-108.68	-109.52	11.4
60544.36458	G09	-109.90	-109.78	-110.19	58.8
60544.36458	G07	-109.47	-109.16	-108.21	77.1
60544.36458	G04	-109.99	-109.76	-109.58	27.1
60544.36458	G11	-110.03	-109.27	-105.24	22.2
60544.36806	G11	-113.96	-113.44	-110.69	21.6
60544.36806	G04	-110.44	-110.55	-109.34	25.7
60544.36806	G07	-109.02	-108.60	-108.39	75.7
60544.36806	G09	-109.90	-109.81	-108.76	57.9
60544.36806	G14	-111.05	-110.69	-111.95	17.6
60544.36806	G16	-110.00	-109.16	-108.81	10.3
60544.36806	G20	-108.93	-108.13	-108.09	33.0
60544.36806	G30	-109.56	-109.38	-107.85	56.4
60544.37153	G14	-109.87	-109.68	-105.53	19.8
60544.37153	G20	-108.19	-107.64	-111.37	34.7
60544.37153	G30	-110.00	-109.78	-109.07	58.1
60544.37153	G09	-109.43	-109.30	-108.18	56.8
60544.37153	G04	-108.81	-108.92	-109.06	24.3
60544.37153	G07	-109.20	-108.61	-108.45	74.1
60544.37500	G04	-108.51	-108.11	-108.57	22.9
60544.37500	G05	-110.75	-111.04	-113.68	10.8
60544.37500	G07	-108.96	-108.59	-108.69	72.4
60544.37500	G09	-109.62	-109.55	-109.17	55.8
60544.37500	G14	-110.40	-109.96	-110.32	22.0
60544.37500	G20	-108.62	-108.35	-107.20	36.3
60544.37500	G30	-109.44	-109.27	-107.86	59.7
60544.37847	G30	-109.74	-109.31	-109.33	61.2
60544.37847	G20	-108.28	-108.14	-109.13	37.8
60544.37847	G14	-111.33	-111.67	-108.26	24.2
60544.37847	G09	-109.29	-108.71	-108.62	54.6
60544.37847	G05	-110.43	-110.43	-109.53	12.3
60544.37847	G04	-109.44	-108.83	-109.01	21.5
60544.37847	G07	-109.25	-108.92	-109.14	70.6
60544.38194	G30	-108.98	-108.68	-109.40	62.7
60544.38194	G20	-109.22	-109.17	-109.44	39.2
60544.38194	G14	-110.66	-110.96	-108.93	26.4
60544.38194	G09	-109.74	-109.46	-108.66	53.4
60544.38194	G05	-111.33	-110.22	-109.15	14.2
60544.38194	G04	-108.81	-108.28	-107.88	20.1
60544.38194	G07	-109.16	-108.92	-108.24	68.7
60544.38542	G20	-108.54	-108.44	-109.28	40.5
60544.38542	G14	-109.99	-109.82	-106.94	28.7
60544.38542	G09	-109.88	-109.67	-108.33	52.1
60544.38542	G30	-109.44	-109.23	-108.02	64.0
60544.38542	G05	-107.88	-106.39	-106.22	15.9
60544.38542	G04	-108.74	-108.24	-108.86	18.7
60544.38542	G07	-109.38	-109.20	-107.62	66.7
60544.38889	G22	-107.43	-107.48	-101.47	10.6
60544.38889	G07	-109.88	-109.68	-109.03	64.8
60544.38889	G20	-108.74	-108.45	-108.85	41.7
60544.38889	G30	-109.57	-109.29	-108.93	65.2
60544.38889	G14	-110.20	-110.04	-109.77	31.0
60544.38889	G05	-108.26	-107.53	-104.46	17.7
60544.38889	G09	-109.86	-109.56	-107.95	50.8
60544.38889	G04	-110.05	-109.59	-108.03	17.3
60544.39236	G04	-107.96	-107.64	-108.05	15.8
60544.39236	G05	-109.50	-108.33	-104.72	19.4
60544.39236	G07	-109.15	-108.94	-108.85	62.8
60544.39236	G08	-107.12	-107.15	-109.84	10.1
60544.39236	G09	-109.89	-109.48	-108.84	49.4
60544.39236	G14	-110.66	-110.40	-108.01	33.4
60544.39236	G20	-110.55	-110.31	-107.16	42.8
60544.39236	G22	-108.22	-107.22	-111.82	12.1
60544.39236	G30	-109.28	-109.03	-109.80	66.3
60544.39583	G30	-108.57	-108.29	-108.44	67.2
60544.39583	G22	-107.39	-106.10	-110.00	14.1
60544.39583	G09	-109.81	-109.56	-108.94	48.0
60544.39583	G20	-109.58	-109.19	-106.87	43.7
60544.39583	G07	-109.69	-109.41	-109.01	60.9
60544.39583	G08	-109.20	-108.93	-109.05	10.6
60544.39583	G04	-109.66	-109.01	-108.04	14.4
60544.39583	G14	-109.37	-109.02	-109.40	35.8
60544.39583	G05	-110.24	-110.15	-106.55	21.2
60544.39931	G14	-109.79	-109.52	-107.62	38.2
60544.39931	G30	-108.07	-107.90	-107.98	68.0
60544.39931	G22	-111.11	-110.66	-111.19	16.2
60544.39931	G20	-108.72	-108.43	-107.99	44.6
60544.39931	G09	-109.53	-109.25	-108.65	46.6
60544.39931	G08	-107.46	-106.97	-106.89	11.2
60544.39931	G07	-110.45	-110.01	-109.15	59.0
60544.39931	G05	-110.81	-110.73	-106.73	22.9
60544.39931	G04	-110.08	-109.52	-108.80	12.9
60544.40278	G22	-108.86	-108.93	-106.78	18.3
60544.40278	G20	-108.99	-108.68	-108.93	45.2
60544.40278	G14	-110.90	-110.54	-108.44	40.6
60544.40278	G30	-108.97	-108.70	-108.24	68.7
60544.40278	G09	-109.37	-108.88	-109.25	45.1
60544.40278	G08	-110.95	-109.64	-110.38	11.8
60544.40278	G07	-109.50	-109.04	-109.32	57.0
60544.40278	G05	-109.64	-109.52	-110.47	24.5
60544.40278	G04	-110.61	-110.23	-110.68	11.5
60544.40625	G30	-109.06	-108.77	-108.32	69.1
60544.40625	G22	-110.95	-110.53	-109.85	20.4
60544.40625	G20	-109.50	-109.10	-109.57	45.7
60544.40625	G14	-110.63	-110.36	-108.59	43.1
60544.40625	G09	-110.62	-110.22	-108.79	43.5
60544.40625	G08	-111.12	-110.38	-108.09	12.4
60544.40625	G07	-109.69	-109.27	-108.63	55.1
60544.40625	G05	-109.15	-108.88	-106.25	26.1
60544.40625	G04	-110.06	-109.30	-110.12	10.3
60544.40972	G30	-108.55	-108.33	-109.03	69.4
60544.40972	G22	-109.48	-109.37	-108.72	22.6
60544.40972	G20	-109.85	-109.53	-108.53	46.0
60544.40972	G14	-109.51	-109.14	-108.78	45.5
60544.40972	G08	-111.12	-110.82	-109.47	12.8
60544.40972	G09	-109.92	-109.71	-108.71	42.0
60544.40972	G07	-109.12	-108.97	-108.51	53.3
60544.40972	G05	-108.77	-108.59	-110.38	27.7
60544.41319	G30	-108.77	-108.45	-108.80	69.4
60544.41319	G22	-109.66	-109.88	-107.20	24.7
60544.41319	G20	-109.26	-108.93	-107.92	46.2
60544.41319	G14	-110.68	-110.48	-110.19	48.0
60544.41319	G08	-109.13	-108.45	-108.22	13.2
60544.41319	G07	-109.88	-109.83	-108.77	51.4
60544.41319	G05	-109.14	-109.10	-109.66	29.1
60544.41319	G09	-108.73	-108.49	-109.01	40.4
60544.41667	G30	-108.42	-108.17	-107.80	69.3
60544.41667	G22	-109.45	-109.44	-107.33	26.9
60544.41667	G20	-109.32	-108.98	-108.75	46.1
60544.41667	G13	-107.40	-107.07	-110.52	17.9
60544.41667	G14	-109.89	-109.67	-108.85	50.6
60544.41667	G08	-110.22	-109.75	-108.68	13.5
60544.41667	G07	-109.13	-108.90	-108.15	49.6
60544.41667	G05	-109.91	-110.15	-108.47	30.6
60544.41667	G09	-108.95	-108.82	-108.97	38.8
60544.42014	G30	-109.09	-108.83	-108.61	69.0
60544.42014	G22	-109.59	-109.51	-106.98	29.2
60544.42014	G20	-109.01	-108.59	-108.29	45.9
60544.42014	G14	-109.73	-109.64	-108.28	53.1
60544.42014	G13	-109.84	-110.07	-110.36	19.5
60544.42014	G09	-109.41	-109.48	-108.55	37.1
60544.42014	G08	-109.01	-108.80	-107.31	13.7
60544.42014	G07	-110.11	-110.09	-108.44	47.7
60544.42014	G05	-110.14	-110.12	-108.10	31.9
60544.42361	G30	-108.78	-108.51	-108.64	68.6
60544.42361	G22	-109.05	-108.80	-107.95	31.4
60544.42361	G20	-109.11	-108.75	-108.37	45.6
60544.42361	G14	-109.32	-109.18	-107.74	55.7
60544.42361	G13	-110.54	-110.56	-109.13	21.2
60544.42361	G09	-110.31	-109.99	-108.74	35.5
60544.42361	G08	-110.18	-109.49	-109.25	13.9
60544.42361	G07	-109.77	-109.62	-108.69	46.0
60544.42361	G05	-109.87	-109.62	-106.61	33.2
60544.42708	G30	-109.51	-109.32	-108.90	68.0
60544.42708	G22	-110.27	-110.05	-109.35	33.7
60544.42708	G20	-108.67	-108.48	-108.86	45.0
60544.42708	G14	-109.72	-109.59	-108.94	58.2
60544.42708	G13	-109.34	-109.49	-108.18	22.8
60544.42708	G09	-109.85	-109.47	-106.79	33.8
60544.42708	G08	-111.56	-111.07	-109.60	13.9
60544.42708	G07	-110.58	-110.40	-108.70	44.2
60544.42708	G05	-109.62	-109.37	-107.99	34.3
60544.43056	G22	-110.93	-110.73	-110.06	36.0
60544.43056	G20	-109.26	-109.03	-108.32	44.3
60544.43056	G14	-109.36	-108.96	-108.98	60.8
60544.43056	G13	-110.42	-110.33	-110.74	24.5
60544.43056	G30	-109.00	-108.76	-107.94	67.3
60544.43056	G08	-110.64	-110.44	-108.74	13.9
60544.43056	G07	-109.24	-109.13	-108.91	42.5
60544.43056	G05	-109.98	-109.67	-109.56	35.4
60544.43056	G09	-109.22	-108.81	-108.08	32.1
60544.43403	G30	-109.38	-109.03	-108.31	66.4
60544.43403	G22	-109.93	-109.49	-108.30	38.4
60544.43403	G20	-110.10	-109.83	-108.99	43.5
60544.43403	G14	-109.83	-109.47	-108.01	63.4
60544.43403	G13	-112.09	-111.83	-106.79	26.3
60544.43403	G09	-109.94	-109.71	-109.39	30.3
60544.43403	G08	-109.08	-108.87	-108.46	13.7
60544.43403	G07	-109.93	-109.75	-109.37	40.8
60544.43403	G05	-111.03	-110.86	-109.39	36.3
60544.43750	G22	-109.51	-109.15	-109.66	40.7
60544.43750	G20	-109.95	-109.62	-108.61	42.5
60544.43750	G14	-110.17	-109.91	-108.85	66.0
60544.43750	G13	-110.03	-109.26	-110.53	28.0
60544.43750	G30	-109.05	-108.64	-108.43	65.5
60544.43750	G08	-109.33	-109.26	-108.79	13.5
60544.43750	G07	-109.86	-109.64	-109.13	39.1
60544.43750	G05	-109.45	-109.21	-108.50	37.1
60544.43750	G09	-110.46	-110.22	-107.83	28.6
60544.44097	G22	-110.82	-110.41	-108.71	43.1
60544.44097	G20	-109.71	-109.28	-108.63	41.4
60544.44097	G14	-109.48	-109.32	-107.59	68.6
60544.44097	G13	-110.62	-110.17	-108.04	29.8
60544.44097	G30	-109.10	-108.64	-109.34	64.5
60544.44097	G08	-109.83	-109.32	-109.30	13.1
60544.44097	G07	-109.52	-109.36	-108.71	37.4
60544.44097	G05	-109.12	-108.83	-108.48	37.8
60544.44097	G09	-109.88	-109.79	-110.01	26.8
60544.44444	G30	-109.38	-109.04	-108.27	63.4
60544.44444	G22	-109.71	-109.41	-108.86	45.5
60544.44444	G20	-110.23	-109.75	-109.41	40.2
60544.44444	G14	-109.24	-109.08	-109.36	71.1
60544.44444	G13	-109.51	-109.22	-109.40	31.7
60544.44444	G08	-109.77	-108.93	-108.32	12.7
60544.44444	G07	-109.69	-109.46	-108.10	35.8
60544.44444	G05	-109.57	-109.35	-109.15	38.3
60544.44444	G09	-109.44	-109.12	-109.54	25.0
60544.44792	G30	-109.53	-109.25	-109.35	62.3
60544.44792	G22	-109.61	-109.25	-109.16	47.9
60544.44792	G20	-109.88	-109.61	-108.34	38.9
60544.44792	G14	-110.18	-109.87	-109.03	73.7
60544.44792	G08	-109.26	-108.51	-107.36	12.2
60544.44792	G09	-109.03	-108.92	-108.98	23.2
60544.44792	G05	-109.91	-109.50	-110.00	38.7
60544.44792	G13	-109.94	-109.49	-109.21	33.5
60544.44792	G07	-110.07	-109.93	-109.27	34.2
60544.45139	G05	-109.46	-109.19	-110.58	39.0
60544.45139	G07	-108.66	-108.84	-107.06	32.6
60544.45139	G08	-109.47	-108.48	-109.38	11.6
60544.45139	G09	-109.00	-108.82	-108.24	21.4
60544.45139	G13	-110.06	-109.49	-108.16	35.4
60544.45139	G14	-109.71	-109.36	-108.96	76.2
60544.45139	G20	-110.13	-110.15	-108.43	37.6
60544.45139	G22	-110.38	-110.07	-107.85	50.4
60544.45139	G30	-109.94	-109.68	-108.92	61.1
60544.45486	G20	-110.21	-109.99	-107.07	36.1
60544.45486	G30	-109.33	-109.10	-108.68	59.9
60544.45486	G22	-110.18	-109.80	-108.09	52.8
60544.45486	G14	-108.84	-108.49	-108.05	78.6
60544.45486	G09	-109.96	-109.68	-110.34	19.6
60544.45486	G08	-111.08	-110.28	-109.49	10.9
60544.45486	G07	-110.07	-109.94	-108.41	31.1
60544.45486	G05	-110.36	-110.06	-109.19	39.1
60544.45486	G13	-109.13	-108.54	-108.79	37.4
60544.45833	G14	-109.06	-108.73	-108.76	80.8
60544.45833	G22	-109.18	-108.64	-108.86	55.3
60544.45833	G20	-109.86	-109.56	-108.97	34.6
60544.45833	G15	-111.05	-111.40	-110.95	11.0
60544.45833	G09	-108.99	-108.62	-108.26	17.8
60544.45833	G30	-110.37	-110.03	-108.80	58.6
60544.45833	G08	-112.25	-112.09	-108.80	10.3
60544.45833	G07	-109.39	-108.87	-108.81	29.5
60544.45833	G05	-111.50	-111.12	-107.46	39.0
60544.45833	G13	-110.34	-110.00	-109.71	39.3
60544.46181	G17	-110.69	-109.91	-106.59	14.8
60544.46181	G15	-109.36	-110.23	-107.78	12.6
60544.46181	G22	-109.36	-108.87	-108.53	57.8
60544.46181	G20	-109.69	-109.25	-108.71	33.1
60544.46181	G30	-109.59	-109.31	-107.92	57.3
60544.46181	G14	-109.16	-108.95	-108.18	82.9
60544.46181	G09	-109.20	-108.70	-106.68	16.0
60544.46181	G05	-109.09	-108.64	-107.36	38.8
60544.46181	G13	-109.99	-109.65	-107.06	41.3
60544.46181	G07	-109.01	-108.55	-108.90	28.0
60544.46528	G05	-109.53	-109.27	-110.19	38.5
60544.46528	G07	-109.79	-109.58	-108.75	26.5
60544.46528	G09	-107.77	-107.31	-109.25	14.2
60544.46528	G13	-110.46	-110.42	-109.41	43.4
60544.46528	G14	-108.53	-108.20	-108.08	84.3
60544.46528	G17	-109.47	-109.25	-109.31	16.6
60544.46528	G20	-109.89	-109.46	-107.57	31.5
60544.46528	G22	-109.58	-109.11	-108.71	60.3
60544.46528	G30	-109.43	-109.17	-108.60	56.0
60544.46528	G15	-111.86	-111.55	-108.18	14.4
60544.46875	G30	-109.80	-109.35	-109.16	54.7
60544.46875	G15	-110.92	-109.99	-107.47	16.2
60544.46875	G22	-109.61	-109.44	-108.95	62.8
60544.46875	G20	-109.05	-108.65	-108.72	29.8
60544.46875	G17	-110.16	-110.14	-108.75	18.4
60544.46875	G14	-108.51	-108.34	-108.42	84.7
60544.46875	G09	-109.24	-109.24	-111.04	12.3
60544.46875	G07	-109.83	-109.99	-109.25	25.0
60544.46875	G05	-108.53	-108.44	-109.71	38.0
60544.46875	G13	-109.57	-109.32	-107.81	45.4
60544.47222	G30	-109.63	-109.24	-108.02	53.4
60544.47222	G22	-109.43	-109.22	-107.60	65.3
60544.47222	G20	-109.59	-109.15	-109.43	28.2
60544.47222	G17	-109.76	-109.57	-108.17	20.2
60544.47222	G15	-110.72	-109.82	-110.87	18.1
60544.47222	G14	-108.71	-108.66	-109.63	83.9
60544.47222	G07	-109.79	-109.69	-108.79	23.6
60544.47222	G05	-108.91	-108.78	-108.34	37.4
60544.47222	G13	-109.23	-108.88	-108.97	47.5
60544.47569	G30	-109.52	-109.23	-108.30	52.0
60544.47569	G22	-109.22	-108.90	-108.90	67.8
60544.47569	G20	-109.36	-109.05	-108.76	26.5
60544.47569	G17	-110.14	-110.04	-108.79	22.1
60544.47569	G13	-110.59	-110.08	-108.65	49.7
60544.47569	G14	-109.04	-109.01	-108.36	82.3
60544.47569	G05	-110.12	-109.76	-108.97	36.6
60544.47569	G15	-108.97	-108.18	-110.40	19.9
60544.47569	G07	-110.29	-109.73	-108.45	22.1
60544.47917	G05	-109.51	-109.29	-109.58	35.7
60544.47917	G07	-110.16	-110.00	-108.95	20.7
60544.47917	G13	-109.02	-108.64	-108.55	51.8
60544.47917	G14	-109.17	-109.01	-108.25	80.2
60544.47917	G17	-110.31	-110.03	-108.21	24.0
60544.47917	G19	-110.77	-110.63	-106.56	10.5
60544.47917	G20	-109.48	-109.12	-108.71	24.8
60544.47917	G22	-109.37	-109.08	-108.33	70.3
60544.47917	G30	-110.11	-109.91	-108.16	50.6
60544.47917	G15	-109.87	-108.89	-108.69	21.8
60544.48264	G30	-109.55	-109.14	-108.25	49.3
60544.48264	G19	-110.28	-110.28	-108.11	12.0
60544.48264	G22	-109.80	-109.48	-107.94	72.8
60544.48264	G20	-109.17	-108.78	-106.67	23.1
60544.48264	G17	-110.01	-109.87	-108.18	25.9
60544.48264	G14	-108.65	-108.24	-109.09	78.0
60544.48264	G13	-109.63	-109.32	-109.57	54.0
60544.48264	G07	-109.57	-109.39	-109.66	19.3
60544.48264	G05	-108.67	-108.41	-109.58	34.8
60544.48264	G15	-109.28	-108.67	-107.69	23.6
60544.48611	G30	-109.89	-109.67	-109.37	47.9
60544.48611	G22	-109.52	-109.22	-108.41	75.3
60544.48611	G20	-108.50	-108.03	-106.71	21.4
60544.48611	G19	-109.93	-110.44	-107.95	13.9
60544.48611	G17	-110.02	-109.86	-108.33	27.8
60544.48611	G15	-109.39	-108.67	-108.42	25.5
60544.48611	G13	-110.01	-109.56	-108.52	56.3
60544.48611	G07	-107.57	-107.23	-110.08	17.9
60544.48611	G05	-109.27	-108.82	-110.60	33.7
60544.48611	G14	-109.14	-108.71	-108.83	75.7
60544.48958	G30	-109.98	-109.78	-108.62	46.5
60544.48958	G22	-109.33	-109.04	-108.26	77.7
60544.48958	G20	-107.81	-107.10	-109.76	19.7
60544.48958	G19	-110.09	-110.04	-108.53	15.8
60544.48958	G17	-111.15	-110.67	-108.53	29.7
60544.48958	G14	-109.09	-108.68	-108.88	73.3
60544.48958	G13	-110.38	-109.96	-107.72	58.5
60544.48958	G07	-108.20	-107.62	-108.16	16.5
60544.48958	G05	-108.99	-108.58	-109.83	32.5
60544.48958	G15	-109.14	-108.55	-109.15	27.3
60544.49306	G30	-110.00	-109.78	-108.45	45.2
60544.49306	G22	-108.88	-108.49	-108.20	80.1
60544.49306	G19	-109.40	-109.30	-108.71	17.8
60544.49306	G17	-110.08	-109.42	-109.64	31.7
60544.49306	G14	-108.87	-108.54	-108.56	70.9
60544.49306	G13	-109.19	-108.67	-108.26	60.8
60544.49306	G07	-109.70	-109.58	-107.76	15.2
60544.49306	G05	-108.80	-108.56	-108.09	31.3
60544.49306	G15	-109.67	-109.28	-107.60	29.2
60544.49653	G30	-109.70	-109.49	-110.50	43.8
60544.49653	G22	-108.85	-108.51	-109.06	82.4
60544.49653	G19	-110.09	-109.61	-107.07	19.8
60544.49653	G17	-110.02	-109.40	-108.45	33.6
60544.49653	G14	-109.66	-109.26	-109.10	68.6
60544.49653	G13	-109.19	-108.78	-109.06	63.1
60544.49653	G07	-108.42	-108.53	-109.60	13.8
60544.49653	G05	-110.11	-110.00	-109.85	30.0
60544.49653	G15	-108.86	-108.34	-109.69	31.0
60544.50000	G30	-110.36	-110.20	-108.54	42.4
60544.50000	G05	-109.47	-109.31	-109.39	28.6
60544.50000	G07	-110.10	-110.30	-107.66	12.5
60544.50000	G13	-109.35	-108.97	-109.75	65.4
60544.50000	G14	-109.87	-109.45	-108.64	66.2
60544.50000	G15	-109.85	-109.67	-107.32	32.9
60544.50000	G17	-110.38	-110.03	-108.70	35.5
60544.50000	G19	-109.13	-108.66	-109.92	21.9
60544.50000	G22	-109.44	-109.18	-108.53	84.4
60544.50347	G22	-108.90	-108.72	-108.11	85.9
60544.50347	G30	-109.47	-109.39	-108.33	41.0
60544.50347	G19	-108.19	-107.86	-109.60	23.9
60544.50347	G17	-109.13	-108.61	-108.51	37.4
60544.50347	G15	-109.76	-109.77	-108.40	34.7
60544.50347	G14	-109.75	-109.52	-108.23	63.9
60544.50347	G13	-108.90	-108.51	-108.04	67.7
60544.50347	G07	-109.93	-110.41	-112.51	11.1
60544.50347	G05	-109.46	-109.18	-109.14	27.2
60544.50694	G30	-109.84	-109.45	-108.58	39.6
60544.50694	G22	-108.97	-108.71	-108.24	86.1
60544.50694	G19	-110.40	-110.03	-108.45	26.1
60544.50694	G17	-109.22	-108.69	-109.60	39.3
60544.50694	G15	-110.02	-109.71	-107.55	36.5
60544.50694	G14	-109.14	-108.97	-107.75	61.6
60544.50694	G13	-109.09	-108.81	-108.29	70.1
60544.50694	G07	-109.22	-109.97	-107.62	10.2
60544.50694	G05	-110.24	-110.05	-108.46	25.7
60544.51042	G30	-109.80	-109.38	-109.90	38.2
60544.51042	G22	-108.85	-108.51	-108.37	84.9
60544.51042	G19	-109.98	-109.48	-106.53	28.2
60544.51042	G15	-108.83	-108.44	-109.24	38.3
60544.51042	G14	-109.09	-108.86	-108.98	59.3
60544.51042	G13	-109.00	-108.71	-108.83	72.4
60544.51042	G05	-109.73	-109.36	-109.06	24.2
60544.51042	G17	-108.15	-107.54	-108.13	41.2
60544.51389	G17	-110.08	-109.84	-108.12	43.0
60544.51389	G05	-110.00	-109.73	-107.34	22.7
60544.51389	G13	-109.09	-108.58	-108.98	74.6
60544.51389	G14	-109.68	-109.51	-108.04	57.0
60544.51389	G15	-110.02	-109.60	-109.92	40.1
60544.51389	G19	-110.23	-109.69	-107.01	30.3
60544.51389	G22	-109.06	-108.82	-108.24	82.9
60544.51389	G30	-109.40	-108.78	-107.41	36.8
60544.51736	G22	-109.44	-109.33	-108.78	80.8
60544.51736	G19	-109.56	-109.09	-108.55	32.5
60544.51736	G30	-109.77	-109.20	-107.67	35.4
60544.51736	G17	-109.72	-109.44	-108.42	44.8
60544.51736	G14	-110.63	-110.55	-109.71	54.8
60544.51736	G13	-109.25	-108.83	-108.92	76.8
60544.51736	G15	-110.43	-110.15	-107.43	41.8
60544.51736	G05	-109.77	-109.42	-107.87	21.1
60544.52083	G30	-110.27	-109.96	-109.29	34.0
60544.52083	G22	-109.17	-108.83	-108.02	78.5
60544.52083	G19	-109.73	-109.64	-108.44	34.7
60544.52083	G17	-109.84	-109.67	-107.34	46.5
60544.52083	G15	-110.41	-110.00	-108.37	43.4
60544.52083	G14	-109.66	-109.59	-108.66	52.6
60544.52083	G13	-109.29	-108.96	-108.57	78.9
60544.52431	G22	-109.79	-109.56	-109.02	76.2
60544.52431	G19	-110.06	-109.99	-107.49	36.9
60544.52431	G17	-109.48	-109.19	-109.36	48.1
60544.52431	G30	-110.01	-109.52	-109.62	32.5
60544.52431	G14	-110.13	-109.97	-109.84	50.4
60544.52431	G13	-108.95	-108.65	-108.34	80.7
60544.52431	G15	-109.62	-109.05	-108.50	45.0
60544.52778	G22	-109.11	-108.90	-108.50	73.9
60544.52778	G19	-110.59	-110.62	-109.84	39.1
60544.52778	G17	-109.08	-108.77	-109.49	49.6
60544.52778	G30	-109.81	-109.23	-109.13	31.1
60544.52778	G14	-109.80	-109.36	-108.70	48.3
60544.52778	G13	-109.50	-109.25	-108.42	82.0
60544.52778	G15	-110.22	-109.36	-107.39	46.5
60544.53125	G30	-110.51	-109.72	-108.43	29.7
60544.53125	G24	-110.64	-110.47	-110.22	17.5
60544.53125	G22	-109.62	-109.41	-108.87	71.5
60544.53125	G19	-109.55	-109.54	-108.31	41.2
60544.53125	G17	-110.47	-110.22	-107.73	51.0
60544.53125	G14	-109.35	-109.04	-109.52	46.2
60544.53125	G13	-109.52	-109.29	-108.19	82.7
60544.53125	G15	-110.10	-109.46	-108.94	47.9
60544.53472	G22	-109.52	-109.34	-107.93	69.2
60544.53472	G30	-110.10	-109.36	-109.05	28.2
60544.53472	G24	-111.94	-112.42	-109.84	19.0
60544.53472	G19	-110.44	-110.27	-109.84	43.4
60544.53472	G13	-108.79	-108.55	-109.39	82.3
60544.53472	G15	-109.74	-109.32	-109.75	49.3
60544.53472	G14	-109.15	-109.05	-108.96	44.1
60544.53472	G17	-110.14	-109.82	-108.43	52.2
60544.53819	G30	-109.69	-108.98	-107.44	26.8
60544.53819	G24	-109.66	-109.43	-110.34	20.6
60544.53819	G22	-109.57	-109.28	-109.10	66.9
60544.53819	G19	-110.55	-110.31	-107.95	45.6
60544.53819	G17	-109.04	-108.64	-109.29	53.3
60544.53819	G15	-110.08	-109.47	-108.04	50.5
60544.53819	G14	-110.30	-110.42	-108.85	42.0
60544.53819	G13	-109.20	-108.97	-108.66	81.2
60544.54167	G30	-108.94	-108.29	-108.74	25.3
60544.54167	G22	-109.97	-109.73	-108.93	64.7
60544.54167	G19	-110.06	-109.66	-108.92	47.7
60544.54167	G17	-109.58	-109.13	-108.46	54.2
60544.54167	G24	-109.74	-109.03	-107.43	22.2
60544.54167	G14	-110.01	-109.78	-109.38	40.1
60544.54167	G13	-109.48	-109.18	-108.87	79.5
60544.54167	G15	-109.04	-108.53	-109.12	51.5
60544.54514	G24	-110.14	-109.91	-108.29	23.8
60544.54514	G22	-110.29	-110.24	-109.27	62.4
60544.54514	G19	-109.13	-108.81	-108.84	49.7
60544.54514	G30	-108.90	-108.33	-109.31	23.9
60544.54514	G15	-109.46	-109.10	-108.98	52.4
60544.54514	G14	-109.90	-109.58	-108.00	38.1
60544.54514	G13	-110.00	-109.68	-108.25	77.4
60544.54514	G17	-109.49	-109.13	-108.62	54.9
60544.54861	G13	-109.34	-109.02	-109.00	75.1
60544.54861	G14	-109.18	-108.94	-110.33	36.2
60544.54861	G15	-108.90	-108.46	-107.87	53.2
60544.54861	G17	-110.16	-109.80	-108.71	55.4
60544.54861	G19	-110.34	-109.94	-108.41	51.8
60544.54861	G22	-109.98	-109.87	-108.96	60.2
60544.54861	G24	-109.79	-109.43	-110.50	25.4
60544.54861	G30	-109.04	-108.20	-109.53	22.4
60544.55208	G22	-109.89	-109.76	-108.84	58.0
60544.55208	G30	-110.14	-109.53	-109.63	20.9
60544.55208	G24	-108.93	-108.54	-108.32	27.1
60544.55208	G19	-109.30	-109.13	-109.03	53.7
60544.55208	G13	-109.47	-109.23	-108.76	72.7
60544.55208	G15	-109.36	-108.94	-109.01	53.7
60544.55208	G14	-109.07	-109.04	-108.18	34.3
60544.55208	G17	-109.78	-109.45	-108.23	55.7
60544.55556	G13	-109.33	-109.06	-108.73	70.3
60544.55556	G14	-109.60	-109.80	-108.12	32.4
60544.55556	G15	-109.25	-108.88	-109.90	54.1
60544.55556	G17	-109.86	-109.57	-108.67	55.7
60544.55556	G19	-109.94	-109.88	-108.10	55.5
60544.55556	G22	-109.26	-109.07	-109.12	55.8
60544.55556	G24	-109.66	-108.98	-108.56	28.8
60544.55556	G30	-109.78	-109.54	-108.87	19.5
60544.55903	G30	-109.82	-109.88	-109.67	18.0
60544.55903	G24	-110.15	-109.40	-106.32	30.5
60544.55903	G22	-109.66	-109.55	-108.18	53.7
60544.55903	G19	-109.39	-109.12	-108.61	57.3
60544.55903	G17	-110.14	-109.77	-109.05	55.5
60544.55903	G14	-110.86	-111.18	-105.58	30.6
60544.55903	G13	-108.91	-108.65	-108.95	67.7
60544.55903	G15	-109.41	-109.03	-108.59	54.3
60544.56250	G30	-109.16	-108.90	-109.42	16.5
60544.56250	G24	-109.79	-109.30	-108.56	32.2
60544.56250	G22	-109.30	-109.03	-109.22	51.6
60544.56250	G19	-109.49	-109.15	-109.06	58.8
60544.56250	G17	-109.69	-109.42	-109.11	55.1
60544.56250	G14	-109.84	-110.06	-107.21	28.8
60544.56250	G13	-109.31	-108.87	-107.92	65.2
60544.56250	G15	-109.73	-109.34	-108.88	54.3
60544.56597	G22	-109.70	-109.64	-107.76	49.5
60544.56597	G30	-109.71	-108.80	-110.25	15.0
60544.56597	G24	-108.70	-108.17	-109.75	34.0
60544.56597	G19	-109.12	-108.76	-108.21	60.2
60544.56597	G14	-108.47	-108.72	-106.74	27.0
60544.56597	G15	-110.05	-109.65	-108.56	54.0
60544.56597	G17	-109.65	-109.41	-108.32	54.5
60544.56597	G13	-109.50	-109.07	-109.86	62.6
60544.56944	G30	-107.49	-106.55	-108.26	13.5
60544.56944	G24	-109.49	-109.34	-107.23	35.8
60544.56944	G22	-110.22	-110.06	-109.03	47.5
60544.56944	G19	-109.28	-108.84	-107.95	61.4
60544.56944	G17	-109.95	-109.73	-108.44	53.6
60544.56944	G15	-109.37	-108.97	-108.51	53.6
60544.56944	G14	-110.04	-110.23	-108.57	25.3
60544.56944	G13	-109.37	-109.06	-108.34	60.0
60544.56944	G12	-108.87	-108.66	-107.18	22.4
60544.57292	G30	-109.00	-108.20	-107.66	12.0
60544.57292	G24	-108.84	-108.54	-108.32	37.7
60544.57292	G22	-109.87	-109.68	-108.72	45.5
60544.57292	G19	-109.94	-109.61	-109.14	62.4
60544.57292	G17	-109.96	-109.69	-108.79	52.6
60544.57292	G15	-110.06	-109.75	-108.50	53.0
60544.57292	G14	-112.04	-111.73	-110.48	23.6
60544.57292	G13	-109.62	-109.22	-108.66	57.4
60544.57639	G30	-108.36	-108.74	-107.24	10.7
60544.57639	G24	-109.21	-109.07	-108.49	39.5
60544.57639	G22	-109.85	-109.71	-108.74	43.5
60544.57639	G19	-109.26	-109.04	-108.60	63.1
60544.57639	G17	-109.45	-109.24	-109.04	51.3
60544.57639	G15	-109.19	-108.93	-109.00	52.2
60544.57639	G14	-109.95	-109.43	-107.03	21.9
60544.57639	G13	-109.55	-109.29	-108.84	54.8
60544.57986	G22	-110.36	-110.25	-108.98	41.6
60544.57986	G19	-109.90	-109.75	-109.32	63.5
60544.57986	G17	-109.92	-109.73	-109.25	49.9
60544.57986	G15	-109.70	-109.54	-109.02	51.2
60544.57986	G24	-109.12	-109.09	-109.22	41.4
60544.57986	G13	-109.71	-109.48	-108.52	52.2
60544.57986	G12	-110.41	-109.41	-111.74	27.0
60544.57986	G14	-108.65	-108.53	-109.14	20.2
60544.58333	G24	-109.74	-109.76	-109.65	43.4
60544.58333	G22	-110.62	-110.47	-109.33	39.7
60544.58333	G19	-110.16	-109.88	-108.59	63.6
60544.58333	G17	-110.10	-109.82	-108.80	48.4
60544.58333	G15	-109.76	-109.56	-110.17	50.1
60544.58333	G14	-110.44	-110.52	-109.69	18.6
60544.58333	G13	-110.07	-109.78	-107.81	49.7
60544.58333	G12	-109.64	-109.13	-110.71	28.5
60544.58333	G06	-108.68	-108.77	-109.27	12.8
60544.58681	G22	-109.76	-109.51	-108.64	37.8
60544.58681	G19	-109.48	-109.29	-108.93	63.5
60544.58681	G17	-109.61	-109.37	-108.63	46.8
60544.58681	G15	-109.60	-109.22	-108.76	48.8
60544.58681	G24	-109.78	-109.37	-108.38	45.3
60544.58681	G13	-109.39	-109.24	-108.64	47.1
60544.58681	G12	-109.23	-108.84	-108.16	30.0
60544.58681	G06	-107.55	-107.12	-107.19	14.3
60544.58681	G14	-109.56	-108.93	-107.80	17.0
60544.59028	G22	-110.24	-109.90	-108.01	36.0
60544.59028	G19	-109.18	-108.87	-108.81	63.0
60544.59028	G17	-109.70	-109.57	-109.02	45.1
60544.59028	G15	-109.60	-109.28	-109.82	47.5
60544.59028	G24	-109.18	-108.78	-108.29	47.3
60544.59028	G13	-109.26	-109.06	-109.73	44.6
60544.59028	G12	-108.14	-107.85	-108.64	31.4
60544.59028	G06	-107.95	-107.84	-108.83	15.8
60544.59028	G14	-109.16	-108.39	-108.37	15.5
60544.59375	G24	-109.43	-109.03	-108.46	49.4
60544.59375	G22	-109.42	-109.07	-109.85	34.1
60544.59375	G19	-109.29	-108.95	-108.63	62.3
60544.59375	G17	-109.94	-109.71	-108.32	43.3
60544.59375	G15	-109.54	-109.19	-108.93	46.0
60544.59375	G13	-109.27	-109.14	-108.83	42.1
60544.59375	G12	-110.65	-110.07	-109.18	32.8
60544.59375	G06	-109.21	-109.25	-109.79	17.3
60544.59375	G14	-107.85	-107.40	-111.10	13.9
60544.59722	G19	-109.22	-108.80	-108.31	61.3
60544.59722	G24	-109.19	-108.89	-109.48	51.4
60544.59722	G22	-109.75	-109.32	-109.88	32.4
60544.59722	G17	-110.26	-109.90	-108.97	41.4
60544.59722	G06	-109.55	-109.28	-107.66	18.8
60544.59722	G14	-109.44	-109.12	-107.19	12.4
60544.59722	G12	-108.86	-108.30	-109.30	34.3
60544.59722	G15	-109.52	-109.36	-108.15	44.4
60544.59722	G13	-110.73	-110.60	-110.72	39.6
60544.60069	G06	-109.24	-108.83	-107.94	20.3
60544.60069	G12	-111.03	-110.60	-109.15	35.7
60544.60069	G13	-109.49	-109.19	-109.09	37.1
60544.60069	G14	-106.56	-104.58	-110.30	10.9
60544.60069	G17	-109.85	-109.53	-110.33	39.5
60544.60069	G19	-109.30	-109.00	-107.77	60.1
60544.60069	G22	-109.18	-108.45	-112.02	30.6
60544.60069	G24	-109.29	-109.04	-107.93	53.5
60544.60069	G15	-109.99	-109.74	-109.16	42.7
60544.60417	G24	-109.46	-109.31	-108.66	55.7
60544.60417	G17	-109.61	-109.21	-107.95	37.5
60544.60417	G22	-109.38	-108.99	-108.95	28.9
60544.60417	G19	-109.99	-109.70	-108.48	58.8
60544.60417	G15	-109.56	-109.26	-109.05	41.0
60544.60417	G13	-109.08	-108.26	-108.48	34.7
60544.60417	G12	-108.93	-108.33	-108.33	37.0
60544.60417	G06	-109.63	-108.90	-109.31	21.8
60544.60417	G14	-105.93	-104.02	-109.11	10.1
60544.60764	G24	-109.92	-109.78	-108.45	57.8
60544.60764	G22	-109.90	-109.65	-108.45	27.2
60544.60764	G19	-109.69	-109.35	-108.45	57.2
60544.60764	G17	-109.92	-109.29	-108.20	35.5
60544.60764	G15	-109.82	-109.45	-109.69	39.3
60544.60764	G12	-109.55	-109.07	-107.52	38.4
60544.60764	G06	-109.31	-108.68	-108.95	23.2
60544.60764	G13	-110.11	-109.62	-106.20	32.3
60544.61111	G24	-109.55	-109.57	-109.26	60.0
60544.61111	G22	-108.21	-107.81	-109.36	25.5
60544.61111	G19	-109.78	-109.44	-109.49	55.6
60544.61111	G15	-108.94	-108.71	-108.36	37.4
60544.61111	G17	-109.10	-108.59	-108.09	33.5
60544.61111	G12	-109.87	-109.50	-106.84	39.8
60544.61111	G06	-109.20	-108.98	-108.72	24.7
60544.61111	G13	-109.99	-109.75	-107.68	29.9
60544.61458	G06	-109.34	-109.28	-109.96	26.0
60544.61458	G12	-108.69	-108.31	-107.82	41.1
60544.61458	G13	-110.28	-110.10	-109.12	27.5
60544.61458	G15	-109.60	-109.29	-108.61	35.6
60544.61458	G19	-109.39	-109.19	-109.08	53.8
60544.61458	G22	-109.10	-109.05	-106.77	23.9
60544.61458	G24	-109.80	-109.78	-108.68	62.2
60544.61458	G17	-110.22	-109.94	-110.72	31.4
60544.61806	G17	-109.94	-110.16	-109.97	29.3
60544.61806	G24	-109.64	-109.47	-108.18	64.4
60544.61806	G22	-110.52	-110.52	-110.71	22.3
60544.61806	G19	-109.26	-109.25	-108.53	51.9
60544.61806	G15	-109.67	-109.31	-110.40	33.7
60544.61806	G12	-109.79	-109.45	-108.85	42.4
60544.61806	G11	-109.53	-107.89	-108.97	14.7
60544.61806	G06	-109.97	-109.89	-110.58	27.3
60544.61806	G13	-109.93	-109.42	-108.04	25.2
60544.62153	G24	-109.25	-108.90	-109.20	66.6
60544.62153	G22	-108.66	-108.40	-107.78	20.7
60544.62153	G19	-109.54	-109.30	-108.52	50.0
60544.62153	G17	-109.51	-109.90	-108.16	27.3
60544.62153	G15	-109.04	-108.51	-108.35	31.8
60544.62153	G12	-109.42	-108.96	-108.88	43.7
60544.62153	G11	-110.55	-110.11	-106.21	16.4
60544.62153	G06	-109.95	-109.53	-107.93	28.6
60544.62153	G13	-110.19	-109.02	-107.28	22.9
60544.62500	G19	-109.35	-109.25	-108.78	48.1
60544.62500	G22	-109.27	-108.94	-109.63	19.1
60544.62500	G17	-109.08	-109.21	-107.57	25.2
60544.62500	G24	-108.42	-108.19	-108.28	68.9
60544.62500	G13	-109.64	-108.59	-109.04	20.7
60544.62500	G12	-109.38	-108.93	-108.37	45.0
60544.62500	G11	-110.53	-110.54	-107.98	18.2
60544.62500	G15	-109.85	-109.51	-109.50	30.0
60544.62500	G06	-110.07	-109.61	-108.67	29.8
60544.62847	G24	-109.58	-109.42	-108.75	71.1
60544.62847	G22	-109.01	-108.22	-109.14	17.5
60544.62847	G19	-109.29	-109.13	-108.33	46.1
60544.62847	G17	-110.40	-110.79	-108.89	23.1
60544.62847	G15	-108.93	-108.96	-110.02	28.0
60544.62847	G13	-108.54	-107.98	-109.30	18.5
60544.62847	G12	-109.87	-109.39	-108.65	46.2
60544.62847	G11	-111.35	-111.14	-109.35	20.0
60544.62847	G06	-109.06	-108.52	-107.56	30.9
60544.63194	G24	-109.56	-109.24	-108.90	73.4
60544.63194	G22	-109.62	-108.81	-109.08	16.0
60544.63194	G19	-109.73	-109.64	-108.56	44.0
60544.63194	G17	-109.56	-110.15	-110.32	21.1
60544.63194	G15	-109.76	-109.51	-109.97	26.2
60544.63194	G13	-109.28	-108.59	-107.80	16.3
60544.63194	G12	-109.65	-109.31	-107.70	47.5
60544.63194	G11	-108.81	-108.50	-109.75	21.8
60544.63194	G06	-109.64	-109.23	-109.45	31.9
60544.63542	G24	-108.94	-108.56	-108.92	75.5
60544.63542	G22	-109.58	-109.23	-109.26	14.5
60544.63542	G19	-109.72	-109.96	-109.31	42.0
60544.63542	G17	-109.66	-109.51	-108.56	19.1
60544.63542	G13	-108.88	-107.60	-108.86	14.1
60544.63542	G12	-108.95	-108.48	-108.83	48.7
60544.63542	G11	-109.48	-109.18	-109.48	23.7
60544.63542	G06	-109.82	-109.50	-108.38	32.8
60544.63542	G15	-109.59	-109.00	-110.10	24.3
60544.63889	G19	-110.24	-110.40	-108.81	39.9
60544.63889	G24	-109.64	-109.28	-109.21	77.7
60544.63889	G22	-109.99	-110.01	-109.18	13.0
60544.63889	G17	-111.06	-111.07	-109.53	17.0
60544.63889	G13	-109.06	-109.41	-109.66	12.1
60544.63889	G12	-109.36	-108.96	-108.52	49.9
60544.63889	G11	-110.50	-110.06	-109.57	25.5
60544.63889	G06	-109.56	-109.44	-109.60	33.7
60544.63889	G15	-109.66	-109.06	-109.81	22.4
60544.64236	G17	-110.46	-110.50	-111.90	15.0
60544.64236	G06	-108.93	-108.80	-109.46	34.4
60544.64236	G11	-110.05	-109.66	-108.34	27.4
60544.64236	G12	-110.27	-110.23	-107.92	51.0
60544.64236	G13	-111.58	-112.43	-111.06	10.5
60544.64236	G15	-109.25	-108.98	-108.61	20.5
60544.64236	G19	-110.10	-110.32	-109.57	37.9
60544.64236	G22	-109.37	-109.74	-111.62	11.6
60544.64236	G24	-109.61	-109.19	-108.42	79.6
60544.64583	G22	-109.32	-110.62	-106.17	10.5
60544.64583	G15	-109.73	-109.56	-107.96	18.7
60544.64583	G25	-112.22	-111.30	-109.17	21.8
60544.64583	G24	-109.30	-108.95	-108.77	81.3
60544.64583	G19	-110.66	-110.54	-109.49	35.8
60544.64583	G12	-110.24	-110.09	-109.29	52.2
60544.64583	G11	-109.78	-109.61	-109.17	29.2
60544.64583	G06	-109.52	-109.31	-109.00	35.0
60544.64583	G17	-109.03	-109.49	-110.31	13.1
60544.64931	G32	-109.40	-109.53	-106.97	10.4
60544.64931	G06	-109.03	-108.90	-109.45	35.4
60544.64931	G11	-110.85	-111.01	-108.40	31.1
60544.64931	G12	-109.44	-109.24	-108.39	53.3
60544.64931	G15	-108.92	-108.55	-109.84	16.9
60544.64931	G17	-108.90	-109.27	-110.08	11.1
60544.64931	G19	-111.04	-110.79	-108.02	33.8
60544.64931	G24	-109.68	-109.43	-107.80	82.5
60544.64931	G25	-108.96	-108.64	-103.74	23.1
60544.65278	G32	-107.96	-107.34	-107.14	11.4
60544.65278	G19	-110.22	-109.64	-109.04	31.8
60544.65278	G25	-110.28	-110.54	-109.40	24.5
60544.65278	G17	-108.75	-108.86	-111.29	10.0
60544.65278	G24	-108.92	-108.63	-108.18	83.0
60544.65278	G12	-109.38	-109.10	-109.33	54.4
60544.65278	G11	-110.25	-109.90	-108.50	32.9
60544.65278	G06	-109.71	-109.57	-106.72	35.7
60544.65278	G15	-109.47	-108.85	-108.29	15.1
60544.65625	G32	-108.34	-106.94	-110.22	12.3
60544.65625	G25	-109.73	-109.49	-108.77	25.9
60544.65625	G24	-109.08	-108.78	-109.13	82.6
60544.65625	G19	-109.56	-109.04	-110.19	29.7
60544.65625	G15	-109.98	-109.27	-108.67	13.3
60544.65625	G12	-109.57	-109.42	-108.00	55.5
60544.65625	G11	-109.47	-109.23	-109.47	34.7
60544.65625	G06	-110.08	-109.72	-107.75	35.9
60544.65972	G25	-108.94	-108.90	-109.75	27.3
60544.65972	G24	-109.30	-108.97	-108.38	81.3
60544.65972	G19	-110.18	-109.99	-107.57	27.7
60544.65972	G32	-110.14	-110.08	-109.44	13.2
60544.65972	G12	-108.98	-108.68	-108.50	56.6
60544.65972	G11	-110.21	-109.79	-107.91	36.5
60544.65972	G06	-110.22	-109.90	-107.39	35.9
60544.65972	G15	-108.87	-108.53	-108.20	11.6
60544.66319	G29	-111.26	-110.23	-109.80	18.1
60544.66319	G25	-109.49	-109.34	-108.89	28.7
60544.66319	G24	-109.07	-108.76	-108.87	79.5
60544.66319	G19	-111.64	-111.02	-102.80	25.8
60544.66319	G32	-109.89	-109.98	-113.05	14.0
60544.66319	G12	-108.85	-108.38	-109.14	57.6
60544.66319	G11	-109.21	-108.90	-108.38	38.2
60544.66319	G06	-109.90	-109.37	-109.01	35.8
60544.66319	G15	-109.89	-109.62	-107.46	10.3
60544.66667	G06	-111.20	-110.79	-108.83	35.6
60544.66667	G11	-110.66	-110.36	-108.74	39.9
60544.66667	G12	-109.36	-109.02	-108.45	58.6
60544.66667	G19	-112.65	-110.78	-108.20	23.8
60544.66667	G24	-109.49	-109.18	-108.37	77.5
60544.66667	G25	-109.68	-109.88	-108.43	30.1
60544.66667	G29	-110.83	-109.48	-107.57	20.0
60544.67014	G25	-107.78	-107.62	-109.88	31.6
60544.67014	G29	-111.29	-110.69	-109.42	22.0
60544.67014	G32	-110.70	-109.95	-104.51	15.2
60544.67014	G24	-109.06	-108.83	-109.37	75.2
60544.67014	G11	-109.52	-109.37	-107.23	41.6
60544.67014	G12	-109.55	-109.24	-108.94	59.5
60544.67014	G06	-110.83	-110.45	-107.22	35.2
60544.67014	G19	-107.44	-107.30	-110.11	21.9
60544.67361	G06	-109.95	-109.60	-108.83	34.6
60544.67361	G11	-109.67	-109.74	-109.01	43.1
60544.67361	G12	-109.76	-109.49	-108.37	60.4
60544.67361	G19	-108.00	-108.77	-109.23	20.0
60544.67361	G24	-109.40	-109.19	-109.05	72.8
60544.67361	G25	-110.13	-110.11	-108.55	33.1
60544.67361	G29	-109.56	-109.17	-109.59	23.9
60544.67361	G32	-108.18	-108.03	-107.28	15.7
60544.67708	G29	-109.21	-109.08	-109.71	25.8
60544.67708	G25	-109.63	-109.75	-109.27	34.5
60544.67708	G24	-108.85	-108.42	-108.27	70.4
60544.67708	G12	-109.34	-109.03	-108.22	61.3
60544.67708	G11	-109.81	-109.95	-108.46	44.6
60544.67708	G06	-109.14	-108.81	-109.49	33.9
60544.67708	G19	-108.21	-108.61	-109.13	18.1
60544.68056	G29	-109.51	-109.15	-109.03	27.7
60544.68056	G25	-110.16	-110.25	-108.57	36.0
60544.68056	G24	-109.07	-108.60	-108.35	67.9
60544.68056	G32	-107.74	-105.94	-106.54	16.4
60544.68056	G12	-109.90	-109.49	-109.15	62.1
60544.68056	G11	-109.33	-109.29	-109.02	46.0
60544.68056	G06	-110.10	-109.89	-108.52	33.1
60544.68056	G19	-107.01	-106.50	-109.71	16.2
60544.68403	G06	-109.72	-109.10	-108.38	32.2
60544.68403	G11	-110.79	-110.52	-107.79	47.2
60544.68403	G12	-110.01	-109.71	-107.97	62.8
60544.68403	G19	-110.44	-109.64	-112.19	14.4
60544.68403	G24	-109.48	-109.04	-109.08	65.4
60544.68403	G25	-109.58	-109.65	-109.14	37.5
60544.68403	G29	-109.36	-108.68	-108.04	29.5
60544.68750	G29	-109.63	-109.18	-108.19	31.4
60544.68750	G24	-109.51	-109.23	-108.30	62.8
60544.68750	G25	-109.69	-109.39	-110.13	39.1
60544.68750	G12	-109.63	-109.26	-108.14	63.5
60544.68750	G06	-109.91	-109.34	-111.34	31.2
60544.68750	G19	-109.45	-109.08	-108.27	12.6
60544.68750	G11	-109.92	-109.58	-108.70	48.4
60544.69097	G06	-110.56	-109.87	-106.64	30.0
60544.69097	G11	-109.68	-109.39	-110.29	49.3
60544.69097	G12	-110.08	-109.57	-108.10	64.1
60544.69097	G19	-108.22	-107.74	-106.03	10.8
60544.69097	G24	-109.38	-109.09	-109.04	60.3
60544.69097	G25	-109.12	-108.80	-107.54	40.6
60544.69097	G29	-110.36	-110.04	-108.67	33.3
60544.69097	G32	-107.36	-106.47	-111.18	16.6
60544.69444	G06	-109.90	-109.65	-108.43	28.7
60544.69444	G11	-110.28	-110.13	-108.24	50.2
60544.69444	G12	-109.22	-108.74	-109.32	64.6
60544.69444	G24	-109.18	-108.89	-108.16	57.8
60544.69444	G25	-109.58	-109.31	-109.43	42.2
60544.69444	G29	-110.59	-110.43	-110.41	35.1
60544.69792	G29	-109.55	-109.66	-109.61	36.9
60544.69792	G25	-110.30	-109.97	-109.16	43.8
60544.69792	G06	-109.76	-109.57	-111.84	27.4
60544.69792	G12	-109.56	-109.07	-108.28	65.1
60544.69792	G11	-110.25	-110.32	-108.25	50.8
60544.69792	G24	-109.76	-109.42	-107.99	55.2
60544.70139	G06	-108.88	-108.87	-107.28	26.0
60544.70139	G11	-109.84	-109.83	-108.23	51.2
60544.70139	G12	-108.96	-108.44	-108.40	65.4
60544.70139	G24	-109.50	-109.12	-109.21	52.7
60544.70139	G25	-109.07	-108.72	-108.81	45.4
60544.70139	G29	-109.38	-109.28	-107.69	38.7
60544.70486	G25	-109.81	-109.71	-108.96	47.1
60544.70486	G28	-110.19	-110.35	-108.57	10.1
60544.70486	G24	-109.60	-109.20	-109.13	50.1
60544.70486	G29	-110.48	-110.08	-110.01	40.5
60544.70486	G12	-110.03	-109.61	-108.72	65.6
60544.70486	G11	-110.29	-110.16	-108.62	51.5
60544.70486	G06	-109.79	-109.83	-109.55	24.5
60544.70486	G20	-107.98	-109.10	-111.84	10.5
60544.70833	G28	-109.27	-108.76	-113.20	11.2
60544.70833	G29	-109.90	-109.79	-108.77	42.2
60544.70833	G25	-109.74	-109.54	-109.54	48.7
60544.70833	G06	-111.10	-111.23	-108.97	22.9
60544.70833	G20	-109.14	-109.35	-110.17	11.6
60544.70833	G11	-109.61	-109.17	-108.58	51.5
60544.70833	G24	-109.51	-108.93	-107.97	47.6
60544.70833	G12	-109.92	-109.67	-108.39	65.7
60544.71181	G06	-109.43	-109.56	-110.17	21.3
60544.71181	G11	-109.56	-109.30	-108.41	51.4
60544.71181	G12	-109.27	-108.92	-109.14	65.7
60544.71181	G20	-110.37	-110.84	-107.35	12.9
60544.71181	G25	-110.22	-110.15	-107.55	50.4
60544.71181	G28	-110.81	-109.45	-112.02	13.0
60544.71181	G29	-110.24	-110.16	-108.22	44.0
60544.71181	G24	-108.58	-108.27	-107.73	45.1
60544.71528	G25	-109.83	-109.77	-108.61	52.1
60544.71528	G29	-109.69	-109.52	-108.42	45.6
60544.71528	G28	-111.59	-109.44	-105.97	14.9
60544.71528	G24	-109.85	-109.74	-108.85	42.6
60544.71528	G12	-109.31	-108.80	-108.92	65.6
60544.71528	G11	-109.62	-109.39	-108.70	51.0
60544.71528	G06	-110.19	-109.75	-110.12	19.7
60544.71528	G20	-109.48	-109.21	-109.06	14.2
60544.71875	G29	-110.54	-110.32	-109.00	47.3
60544.71875	G28	-110.50	-108.17	-106.78	16.7
60544.71875	G25	-109.76	-109.55	-107.82	53.9
60544.71875	G24	-110.19	-109.80	-108.94	40.1
60544.71875	G12	-109.71	-109.15	-108.64	65.4
60544.71875	G11	-109.77	-109.50	-109.26	50.4
60544.71875	G06	-110.33	-109.88	-111.10	17.9
60544.71875	G20	-110.58	-110.91	-108.46	15.5
60544.72222	G25	-110.01	-109.82	-108.58	55.6
60544.72222	G29	-109.46	-109.02	-108.32	48.9
60544.72222	G28	-108.21	-107.10	-107.08	18.5
60544.72222	G20	-109.46	-109.51	-109.22	16.7
60544.72222	G12	-109.39	-108.90	-108.68	65.0
60544.72222	G11	-109.92	-109.74	-108.66	49.7
60544.72222	G06	-109.73	-109.36	-107.91	16.2
60544.72222	G24	-110.05	-109.54	-108.53	37.7
60544.72569	G29	-111.18	-110.68	-109.75	50.4
60544.72569	G28	-109.37	-109.07	-107.08	20.2
60544.72569	G25	-108.55	-108.08	-108.04	57.4
60544.72569	G24	-108.90	-108.52	-109.89	35.2
60544.72569	G20	-109.11	-108.62	-109.33	17.9
60544.72569	G12	-109.20	-108.70	-108.12	64.5
60544.72569	G11	-110.21	-110.14	-109.44	48.8
60544.72569	G06	-108.82	-108.29	-107.32	14.4
60544.72917	G29	-109.91	-109.39	-109.46	51.9
60544.72917	G28	-108.90	-108.87	-107.39	22.0
60544.72917	G25	-110.20	-109.72	-108.18	59.2
60544.72917	G24	-109.56	-109.35	-108.02	32.9
60544.72917	G12	-109.26	-108.85	-108.36	63.9
60544.72917	G11	-109.14	-108.93	-108.35	47.7
60544.72917	G06	-110.47	-110.52	-108.05	12.6
60544.72917	G20	-110.90	-110.72	-107.79	19.1
60544.73264	G28	-108.62	-108.64	-106.92	23.7
60544.73264	G25	-109.20	-108.75	-108.07	61.0
60544.73264	G24	-109.87	-109.43	-111.07	30.5
60544.73264	G29	-109.35	-108.99	-108.67	53.3
60544.73264	G12	-108.55	-108.16	-108.66	63.1
60544.73264	G11	-109.72	-109.44	-108.91	46.5
60544.73264	G06	-112.05	-112.88	-109.50	10.8
60544.73264	G05	-112.27	-113.25	-108.37	10.4
60544.73264	G20	-109.72	-109.88	-108.76	20.2
60544.73611	G29	-109.79	-109.49	-110.07	54.7
60544.73611	G28	-109.41	-109.07	-109.25	25.3
60544.73611	G25	-109.85	-109.32	-107.96	62.9
60544.73611	G24	-108.93	-108.62	-107.43	28.2
60544.73611	G20	-109.91	-109.79	-109.90	21.3
60544.73611	G11	-109.83	-109.44	-108.35	45.1
60544.73611	G05	-110.44	-111.17	-107.91	11.6
60544.73611	G12	-109.53	-109.03	-109.22	62.3
60544.73958	G25	-109.43	-108.92	-108.02	64.7
60544.73958	G29	-109.05	-108.75	-109.21	56.0
60544.73958	G28	-109.64	-109.44	-108.90	26.9
60544.73958	G24	-109.27	-109.21	-108.09	25.8
60544.73958	G05	-109.09	-109.00	-109.58	13.1
60544.73958	G11	-109.64	-109.34	-109.10	43.7
60544.73958	G20	-108.99	-108.64	-108.73	22.3
60544.73958	G12	-109.22	-108.74	-108.29	61.3
60544.74306	G05	-108.38	-107.66	-106.45	14.6
60544.74306	G11	-109.94	-109.62	-108.95	42.1
60544.74306	G12	-109.48	-108.95	-109.35	60.3
60544.74306	G18	-110.25	-111.03	-103.85	13.1
60544.74306	G24	-109.48	-109.19	-110.08	23.6
60544.74306	G25	-109.63	-109.30	-107.78	66.6
60544.74306	G28	-109.24	-108.96	-110.15	28.5
60544.74306	G29	-109.51	-109.06	-107.71	57.2
60544.74306	G20	-109.89	-109.64	-108.95	23.3
60544.74653	G29	-109.42	-109.06	-108.64	58.4
60544.74653	G24	-110.72	-110.40	-107.93	21.3
60544.74653	G28	-110.14	-110.20	-108.23	30.0
60544.74653	G25	-109.43	-109.20	-108.40	68.4
60544.74653	G20	-109.13	-108.45	-108.26	24.1
60544.74653	G12	-109.88	-109.44	-108.76	59.1
60544.74653	G11	-109.82	-109.47	-109.82	40.5
60544.74653	G05	-109.78	-109.29	-109.78	16.1
60544.74653	G18	-111.49	-111.89	-109.41	15.2
60544.75000	G29	-109.43	-109.24	-108.92	59.5
60544.75000	G28	-109.69	-109.75	-108.40	31.4
60544.75000	G25	-109.41	-109.23	-107.94	70.3
60544.75000	G24	-109.46	-109.20	-108.60	19.1
60544.75000	G20	-108.97	-108.37	-108.09	24.9
60544.75000	G12	-109.70	-109.30	-109.02	57.9
60544.75000	G11	-109.23	-109.13	-108.82	38.8
60544.75000	G05	-109.95	-109.77	-108.42	17.5
60544.75000	G18	-111.10	-110.85	-109.42	17.4
60544.75347	G24	-108.75	-108.17	-105.36	16.9
60544.75347	G29	-110.11	-110.01	-108.97	60.4
60544.75347	G28	-110.50	-110.27	-107.10	32.8
60544.75347	G25	-109.06	-108.87	-107.95	72.1
60544.75347	G20	-110.11	-109.65	-109.25	25.7
60544.75347	G11	-110.23	-109.89	-108.72	37.0
60544.75347	G12	-109.55	-109.09	-108.42	56.6
60544.75347	G18	-110.86	-110.06	-107.78	19.6
60544.75347	G05	-110.31	-110.23	-107.37	19.0
60544.75694	G05	-109.87	-109.60	-108.66	20.4
60544.75694	G11	-108.74	-108.44	-109.65	35.2
60544.75694	G12	-109.28	-109.06	-108.62	55.2
60544.75694	G18	-110.09	-109.78	-108.68	21.8
60544.75694	G20	-109.11	-108.82	-108.07	26.3
60544.75694	G24	-108.80	-108.46	-110.38	14.8
60544.75694	G25	-109.66	-109.49	-108.83	73.9
60544.75694	G28	-109.78	-109.31	-107.57	34.0
60544.75694	G29	-109.71	-109.63	-108.61	61.3
60544.76042	G29	-109.83	-109.67	-109.50	62.1
60544.76042	G28	-110.23	-109.85	-109.19	35.2
60544.76042	G25	-109.83	-109.60	-108.59	75.6
60544.76042	G20	-108.85	-108.41	-108.38	26.8
60544.76042	G24	-110.14	-110.09	-110.88	12.7
60544.76042	G12	-109.29	-109.07	-109.43	53.8
60544.76042	G11	-110.51	-110.19	-107.99	33.3
60544.76042	G05	-109.99	-109.52	-109.17	21.9
60544.76042	G18	-107.94	-107.60	-109.36	24.0
60544.76389	G20	-108.85	-108.51	-109.20	27.2
60544.76389	G05	-109.77	-109.50	-109.30	23.3
60544.76389	G11	-109.93	-109.21	-109.94	31.4
60544.76389	G12	-109.21	-108.80	-109.21	52.3
60544.76389	G18	-109.14	-108.50	-109.26	26.2
60544.76389	G24	-109.21	-109.01	-111.57	10.9
60544.76389	G25	-109.06	-108.86	-108.77	77.1
60544.76389	G28	-110.40	-110.05	-108.61	36.2
60544.76389	G29	-109.55	-109.30	-107.90	62.8
60544.76389	G31	-112.37	-113.47	-106.87	10.1
60544.76736	G28	-109.84	-109.56	-107.62	37.1
60544.76736	G25	-109.69	-109.43	-108.42	78.5
60544.76736	G29	-110.04	-109.69	-108.45	63.3
60544.76736	G20	-109.60	-109.44	-109.61	27.5
60544.76736	G31	-108.53	-109.25	-112.55	10.9
60544.76736	G12	-109.79	-109.37	-109.04	50.7
60544.76736	G11	-109.68	-109.27	-110.03	29.5
60544.76736	G05	-109.65	-109.63	-109.10	24.6
60544.76736	G18	-108.07	-107.56	-109.05	28.5
60544.77083	G31	-109.46	-109.29	-112.68	12.4
60544.77083	G29	-109.63	-109.37	-108.60	63.8
60544.77083	G28	-110.17	-109.80	-108.24	37.9
60544.77083	G25	-109.08	-108.84	-108.61	79.6
60544.77083	G20	-109.12	-108.94	-109.23	27.7
60544.77083	G18	-109.06	-108.89	-108.84	30.8
60544.77083	G12	-109.26	-108.92	-109.85	49.1
60544.77083	G11	-109.23	-109.00	-107.70	27.6
60544.77083	G05	-110.02	-109.89	-111.11	25.9
60544.77431	G29	-110.12	-109.71	-108.21	64.1
60544.77431	G28	-109.98	-109.69	-109.96	38.6
60544.77431	G25	-108.96	-108.71	-108.60	80.3
60544.77431	G20	-109.90	-109.57	-108.27	27.8
60544.77431	G31	-111.05	-111.44	-109.33	13.9
60544.77431	G12	-109.08	-108.80	-108.29	47.4
60544.77431	G11	-109.81	-109.65	-107.68	25.6
60544.77431	G05	-110.31	-110.29	-108.88	27.2
60544.77431	G18	-108.86	-108.61	-108.33	33.1
60544.77778	G29	-109.51	-108.94	-107.61	64.3
60544.77778	G28	-109.85	-109.41	-110.28	39.1
60544.77778	G25	-109.55	-109.11	-108.40	80.5
60544.77778	G20	-110.58	-110.21	-107.68	27.7
60544.77778	G31	-109.70	-110.54	-108.86	15.3
60544.77778	G12	-109.64	-109.45	-108.80	45.7
60544.77778	G11	-109.27	-109.53	-108.69	23.7
60544.77778	G05	-109.86	-109.63	-108.36	28.4
60544.77778	G18	-109.82	-109.53	-107.65	35.4
60544.78125	G31	-109.53	-110.15	-111.96	16.7
60544.78125	G29	-109.76	-109.35	-108.57	64.4
60544.78125	G28	-110.03	-109.75	-110.54	39.4
60544.78125	G25	-108.83	-108.36	-108.58	80.2
60544.78125	G20	-110.66	-110.26	-108.27	27.6
60544.78125	G12	-108.86	-108.65	-108.68	44.0
60544.78125	G11	-109.52	-110.07	-108.15	21.7
60544.78125	G05	-109.89	-109.57	-108.49	29.5
60544.78125	G18	-109.40	-109.11	-109.50	37.7
60544.78472	G28	-109.96	-109.74	-109.73	39.7
60544.78472	G31	-110.36	-110.16	-109.17	18.0
60544.78472	G29	-110.00	-109.66	-108.63	64.4
60544.78472	G25	-109.53	-109.16	-108.82	79.3
60544.78472	G11	-112.18	-111.87	-113.11	19.8
60544.78472	G18	-109.39	-108.92	-108.74	40.1
60544.78472	G05	-109.55	-109.14	-108.30	30.6
60544.78472	G20	-109.89	-109.58	-108.85	27.3
60544.78472	G12	-110.07	-109.89	-108.09	42.2
60544.78819	G05	-109.55	-109.28	-110.21	31.6
60544.78819	G11	-109.95	-109.05	-111.85	17.8
60544.78819	G12	-109.86	-109.67	-107.58	40.4
60544.78819	G18	-109.27	-109.12	-108.44	42.4
60544.78819	G20	-110.90	-110.51	-108.51	26.8
60544.78819	G25	-108.84	-108.55	-108.12	78.0
60544.78819	G28	-112.03	-111.79	-106.82	39.7
60544.78819	G29	-110.22	-109.91	-108.07	64.3
60544.78819	G31	-109.58	-109.07	-109.76	19.2
60544.79167	G31	-109.81	-109.08	-110.28	20.4
60544.79167	G29	-110.14	-109.79	-108.28	64.0
60544.79167	G26	-113.89	-114.10	-111.23	10.7
60544.79167	G20	-110.12	-109.89	-109.70	26.3
60544.79167	G28	-110.68	-110.52	-108.70	39.6
60544.79167	G25	-108.74	-108.50	-108.60	76.4
60544.79167	G12	-109.40	-108.94	-108.74	38.6
60544.79167	G11	-108.71	-107.00	-107.33	15.9
60544.79167	G05	-109.99	-109.62	-108.85	32.4
60544.79167	G18	-109.19	-108.97	-108.75	44.8
60544.79514	G31	-109.42	-108.14	-111.30	21.5
60544.79514	G29	-110.02	-109.61	-108.31	63.7
60544.79514	G28	-110.46	-110.62	-109.35	39.4
60544.79514	G26	-111.94	-112.88	-111.94	12.2
60544.79514	G25	-108.95	-108.63	-108.12	74.6
60544.79514	G20	-108.88	-108.79	-109.78	25.7
60544.79514	G12	-109.82	-109.40	-108.08	36.7
60544.79514	G11	-109.43	-107.98	-109.11	13.9
60544.79514	G05	-108.83	-108.59	-109.25	33.2
60544.79514	G18	-109.68	-109.50	-108.79	47.1
60544.79861	G31	-108.94	-108.19	-108.19	22.5
60544.79861	G29	-109.91	-109.57	-108.21	63.3
60544.79861	G28	-110.52	-110.37	-109.29	39.0
60544.79861	G26	-108.51	-108.75	-106.89	14.1
60544.79861	G25	-109.64	-109.05	-108.33	72.7
60544.79861	G20	-109.34	-109.03	-107.67	24.9
60544.79861	G12	-108.92	-108.61	-107.81	34.8
60544.79861	G05	-108.67	-108.39	-109.44	33.9
60544.79861	G18	-109.09	-108.93	-109.58	49.5
60544.79861	G11	-107.50	-105.46	-107.35	12.1
60544.80208	G05	-108.38	-108.19	-109.73	34.4
60544.80208	G11	-109.91	-107.89	-108.89	10.5
60544.80208	G12	-109.48	-109.20	-109.25	32.9
60544.80208	G18	-108.62	-108.41	-109.87	51.8
60544.80208	G25	-109.20	-108.70	-109.16	70.6
60544.80208	G26	-110.11	-109.49	-108.25	15.9
60544.80208	G28	-110.27	-110.18	-108.71	38.5
60544.80208	G29	-109.69	-109.40	-108.99	62.8
60544.80208	G31	-108.62	-108.16	-109.98	23.5
60544.80208	G20	-110.43	-110.12	-109.40	24.1
60544.80556	G31	-108.99	-108.71	-109.13	24.3
60544.80556	G26	-111.10	-110.28	-106.90	17.8
60544.80556	G29	-109.41	-109.05	-107.90	62.2
60544.80556	G28	-109.82	-109.60	-107.89	37.8
60544.80556	G20	-108.75	-108.45	-109.64	23.1
60544.80556	G18	-110.06	-109.52	-108.99	54.1
60544.80556	G12	-109.99	-109.90	-107.47	31.0
60544.80556	G05	-108.81	-108.65	-108.80	34.8
60544.80556	G25	-109.13	-108.74	-107.98	68.4
60544.80903	G31	-109.28	-108.77	-109.79	25.0
60544.80903	G29	-109.57	-109.19	-109.18	61.5
60544.80903	G28	-110.46	-110.12	-109.26	37.0
60544.80903	G26	-110.78	-110.06	-109.49	19.6
60544.80903	G25	-109.17	-108.93	-108.57	66.2
60544.80903	G18	-109.90	-109.38	-108.71	56.5
60544.80903	G12	-110.51	-110.44	-107.26	29.1
60544.80903	G05	-109.75	-109.67	-107.66	35.1
60544.80903	G20	-109.80	-109.46	-109.09	22.1
60544.81250	G28	-110.59	-110.18	-110.09	36.1
60544.81250	G31	-108.94	-108.24	-107.70	25.7
60544.81250	G29	-109.27	-108.79	-108.94	60.8
60544.81250	G25	-109.48	-109.19	-108.88	64.0
60544.81250	G26	-109.47	-109.27	-108.12	21.5
60544.81250	G20	-108.32	-108.45	-108.32	20.9
60544.81250	G18	-109.45	-109.05	-108.91	58.8
60544.81250	G12	-110.13	-109.82	-108.54	27.2
60544.81250	G05	-110.03	-109.89	-108.49	35.3
60544.81597	G31	-109.03	-108.36	-110.51	26.2
60544.81597	G29	-109.86	-109.53	-108.65	60.0
60544.81597	G28	-109.71	-109.50	-109.05	35.1
60544.81597	G26	-108.89	-108.69	-108.36	23.4
60544.81597	G25	-108.64	-108.43	-107.56	61.7
60544.81597	G20	-108.91	-108.69	-110.01	19.7
60544.81597	G18	-108.76	-108.28	-107.99	61.0
60544.81597	G12	-109.22	-108.86	-109.63	25.2
60544.81597	G05	-109.05	-108.71	-108.17	35.3
60544.81944	G31	-109.26	-108.95	-108.43	26.6
60544.81944	G29	-109.56	-109.17	-109.25	59.2
60544.81944	G28	-109.60	-109.50	-109.29	34.0
60544.81944	G26	-108.78	-108.44	-108.00	25.3
60544.81944	G20	-109.42	-109.35	-108.06	18.4
60544.81944	G18	-109.33	-108.95	-108.20	63.3
60544.81944	G12	-109.80	-109.44	-107.75	23.3
60544.81944	G05	-109.30	-109.05	-109.21	35.2
60544.81944	G25	-109.58	-109.27	-108.65	59.3
60544.82292	G31	-108.95	-108.90	-109.19	26.9
60544.82292	G05	-110.16	-109.80	-109.34	34.9
60544.82292	G12	-109.23	-108.72	-109.62	21.3
60544.82292	G18	-108.84	-108.53	-107.63	65.5
60544.82292	G20	-109.91	-109.89	-109.60	17.1
60544.82292	G23	-111.82	-111.81	-107.96	10.8
60544.82292	G25	-109.65	-109.25	-108.53	57.0
60544.82292	G26	-108.79	-108.29	-106.88	27.3
60544.82292	G28	-110.18	-110.05	-108.25	32.8
60544.82292	G29	-110.12	-109.84	-108.67	58.3
60544.82639	G28	-110.04	-109.87	-110.68	31.6
60544.82639	G26	-108.99	-108.54	-106.60	29.2
60544.82639	G31	-109.50	-109.25	-109.74	27.1
60544.82639	G29	-109.49	-109.17	-108.67	57.3
60544.82639	G25	-109.73	-109.37	-108.52	54.6
60544.82639	G23	-110.02	-109.84	-108.75	12.6
60544.82639	G20	-110.90	-110.95	-109.29	15.7
60544.82639	G18	-108.84	-108.55	-109.06	67.6
60544.82639	G12	-109.34	-108.83	-107.41	19.4
60544.82639	G05	-110.83	-110.42	-108.89	34.5
60544.82986	G31	-109.13	-108.69	-109.73	27.1
60544.82986	G29	-109.29	-109.16	-107.59	56.4
60544.82986	G28	-110.29	-110.12	-109.28	30.2
60544.82986	G26	-108.03	-107.62	-109.33	31.1
60544.82986	G25	-108.94	-108.54	-108.47	52.2
60544.82986	G20	-108.43	-108.43	-108.68	14.2
60544.82986	G18	-108.10	-107.71	-108.36	69.6
60544.82986	G12	-109.84	-109.52	-108.72	17.4
60544.82986	G05	-109.50	-109.17	-107.69	34.0
60544.82986	G23	-110.34	-109.82	-110.14	14.6
60544.83333	G26	-109.20	-108.97	-107.65	33.1
60544.83333	G31	-110.05	-109.70	-109.88	27.1
60544.83333	G29	-109.74	-109.52	-109.39	55.4
60544.83333	G28	-110.74	-110.38	-107.63	28.9
60544.83333	G25	-109.55	-109.08	-108.84	49.9
60544.83333	G20	-110.51	-110.60	-109.75	12.7
60544.83333	G18	-109.44	-109.10	-107.58	71.6
60544.83333	G12	-109.85	-109.59	-107.87	15.5
60544.83333	G05	-109.71	-109.53	-108.86	33.3
60544.83333	G23	-111.16	-110.43	-108.63	16.8
60544.83681	G31	-110.88	-110.80	-108.28	26.9
60544.83681	G05	-108.82	-108.86	-107.33	32.5
60544.83681	G12	-109.94	-109.44	-108.01	13.5
60544.83681	G18	-108.78	-108.51	-109.13	73.3
60544.83681	G20	-107.45	-107.35	-109.86	11.1
60544.83681	G23	-110.23	-109.24	-108.92	18.9
60544.83681	G25	-109.22	-108.77	-108.55	47.5
60544.83681	G26	-109.56	-109.46	-108.53	35.0
60544.83681	G28	-109.91	-109.41	-110.37	27.4
60544.83681	G29	-109.74	-109.40	-108.63	54.3
60544.84028	G28	-109.16	-108.80	-109.60	25.9
60544.84028	G26	-109.78	-109.56	-108.65	36.9
60544.84028	G31	-110.20	-110.13	-110.35	26.6
60544.84028	G29	-109.30	-109.07	-108.71	53.2
60544.84028	G25	-109.82	-109.51	-109.20	45.1
60544.84028	G23	-110.13	-108.67	-108.44	21.1
60544.84028	G20	-108.56	-106.93	-106.98	10.2
60544.84028	G18	-109.07	-108.71	-107.80	74.9
60544.84028	G12	-111.15	-110.22	-108.58	11.6
60544.84028	G05	-109.67	-109.61	-109.57	31.6
60544.84375	G31	-110.62	-110.45	-110.43	26.2
60544.84375	G29	-108.86	-108.71	-108.43	52.1
60544.84375	G28	-109.44	-108.80	-109.50	24.4
60544.84375	G26	-109.50	-109.05	-109.78	38.8
60544.84375	G25	-109.75	-109.61	-109.43	42.7
60544.84375	G23	-110.38	-109.59	-108.66	23.2
60544.84375	G18	-109.13	-108.67	-108.49	76.3
60544.84375	G05	-109.21	-108.63	-108.86	30.6
60544.84722	G31	-108.95	-108.33	-107.64	25.7
60544.84722	G29	-109.45	-109.35	-108.40	51.0
60544.84722	G28	-109.13	-108.46	-110.99	22.9
60544.84722	G26	-109.02	-108.60	-107.14	40.7
60544.84722	G25	-109.90	-109.68	-109.05	40.4
60544.84722	G23	-109.20	-108.76	-107.36	25.5
60544.84722	G18	-109.39	-108.94	-109.22	77.3
60544.84722	G05	-110.01	-109.52	-109.69	29.5
60544.85069	G05	-109.98	-109.84	-108.19	28.3
60544.85069	G16	-110.36	-108.68	-108.55	10.8
60544.85069	G18	-109.41	-108.88	-108.54	77.9
60544.85069	G23	-109.41	-109.26	-109.48	27.8
60544.85069	G25	-110.63	-110.40	-107.77	38.0
60544.85069	G26	-109.71	-109.27	-109.54	42.6
60544.85069	G28	-108.60	-107.88	-108.92	21.4
60544.85069	G29	-109.10	-108.90	-108.57	49.8
60544.85069	G31	-108.69	-108.19	-108.15	25.1
60544.85417	G31	-109.58	-109.07	-109.17	24.4
60544.85417	G28	-110.97	-110.85	-110.71	19.8
60544.85417	G26	-109.25	-109.01	-109.80	44.4
60544.85417	G25	-109.72	-109.49	-108.28	35.7
60544.85417	G29	-109.97	-109.49	-108.37	48.7
60544.85417	G18	-109.64	-109.23	-108.60	78.1
60544.85417	G16	-109.52	-108.71	-111.02	12.7
60544.85417	G23	-110.00	-109.66	-107.36	30.1
60544.85417	G05	-109.82	-109.68	-109.41	27.0
60544.85764	G31	-109.81	-109.70	-108.72	23.6
60544.85764	G29	-109.42	-109.12	-108.30	47.5
60544.85764	G28	-108.70	-109.09	-112.77	18.2
60544.85764	G26	-110.73	-110.50	-108.75	46.1
60544.85764	G25	-110.68	-110.73	-108.61	33.3
60544.85764	G23	-108.40	-108.11	-106.57	32.4
60544.85764	G18	-110.08	-109.68	-108.26	77.8
60544.85764	G16	-110.65	-110.67	-110.09	14.5
60544.85764	G05	-109.48	-109.47	-111.18	25.7
60544.86111	G31	-109.37	-109.16	-110.21	22.8
60544.86111	G26	-110.74	-110.45	-109.34	47.8
60544.86111	G25	-109.77	-109.82	-109.51	31.0
60544.86111	G29	-109.99	-109.67	-108.66	46.2
60544.86111	G18	-108.99	-108.46	-108.16	77.1
60544.86111	G16	-111.38	-110.85	-110.29	16.4
60544.86111	G05	-110.11	-110.45	-106.09	24.3
60544.86111	G23	-108.96	-108.47	-107.82	34.8
60544.86458	G26	-110.28	-109.90	-108.27	49.4
60544.86458	G25	-109.86	-109.67	-108.73	28.7
60544.86458	G29	-110.28	-109.98	-108.88	45.0
60544.86458	G18	-108.72	-108.24	-108.45	76.1
60544.86458	G16	-111.50	-110.76	-109.67	18.2
60544.86458	G05	-109.34	-109.41	-111.77	22.8
60544.86458	G23	-109.95	-109.61	-108.48	37.2
60544.86806	G05	-109.81	-110.17	-108.74	21.2
60544.86806	G16	-109.69	-109.11	-106.79	20.1
60544.86806	G18	-109.19	-108.91	-109.15	74.8
60544.86806	G23	-109.45	-109.11	-108.07	39.6
60544.86806	G25	-109.86	-109.81	-107.25	26.4
60544.86806	G26	-109.06	-108.71	-108.14	50.9
60544.86806	G29	-109.92	-109.59	-108.58	43.7
60544.87153	G25	-110.07	-110.01	-106.93	24.1
60544.87153	G29	-110.00	-109.77	-107.65	42.4
60544.87153	G23	-109.89	-109.81	-108.91	42.1
60544.87153	G26	-108.99	-108.85	-109.40	52.3
60544.87153	G16	-109.73	-109.51	-109.11	21.9
60544.87153	G15	-110.28	-110.04	-110.76	10.5
60544.87153	G10	-110.42	-108.14	-109.82	10.6
60544.87153	G05	-110.38	-110.50	-110.67	19.6
60544.87153	G18	-109.01	-108.69	-108.14	73.3
60544.87500	G29	-109.11	-108.94	-108.19	41.1
60544.87500	G26	-109.73	-109.46	-108.50	53.6
60544.87500	G25	-109.11	-109.03	-107.04	21.9
60544.87500	G23	-109.97	-109.77	-109.91	44.6
60544.87500	G18	-109.11	-108.73	-109.61	71.7
60544.87500	G16	-109.39	-108.82	-108.40	23.8
60544.87500	G15	-109.51	-108.48	-110.54	11.4
60544.87500	G10	-111.18	-109.43	-109.55	12.5
60544.87500	G05	-110.50	-110.09	-109.32	18.0
60544.87847	G29	-109.96	-109.75	-108.66	39.8
60544.87847	G26	-109.71	-109.21	-109.42	54.7
60544.87847	G25	-109.56	-109.72	-110.04	19.7
60544.87847	G23	-110.12	-109.56	-109.64	47.0
60544.87847	G18	-109.21	-108.93	-108.77	70.0
60544.87847	G16	-110.27	-109.72	-104.76	25.7
60544.87847	G15	-109.42	-108.39	-110.16	12.4
60544.87847	G10	-110.71	-109.48	-108.99	14.6
60544.87847	G05	-109.51	-108.82	-109.34	16.3
60544.88194	G29	-109.47	-109.03	-109.11	38.4
60544.88194	G26	-110.14	-109.81	-109.45	55.6
60544.88194	G25	-109.32	-109.30	-112.30	17.5
60544.88194	G23	-109.81	-109.09	-110.26	49.5
60544.88194	G16	-109.86	-109.39	-108.06	27.5
60544.88194	G15	-109.55	-109.41	-108.26	13.2
60544.88194	G10	-110.08	-109.63	-109.48	16.8
60544.88194	G05	-109.05	-108.33	-109.50	14.6
60544.88194	G18	-110.24	-109.95	-108.93	68.3
60544.88542	G25	-110.68	-110.28	-108.63	15.3
60544.88542	G29	-109.31	-108.89	-108.49	37.0
60544.88542	G26	-109.18	-108.91	-108.49	56.4
60544.88542	G23	-109.47	-108.82	-108.89	52.0
60544.88542	G18	-109.75	-109.45	-108.67	66.5
60544.88542	G16	-109.86	-109.65	-109.14	29.4
60544.88542	G15	-108.59	-108.48	-109.58	14.1
60544.88542	G10	-109.98	-109.16	-105.64	18.9
60544.88542	G05	-108.64	-107.97	-110.05	12.9
60544.88889	G29	-110.83	-110.43	-108.41	35.6
60544.88889	G27	-113.21	-112.36	-112.29	10.9
60544.88889	G26	-108.94	-108.64	-108.09	56.9
60544.88889	G25	-108.65	-108.44	-108.77	13.2
60544.88889	G23	-109.81	-109.50	-108.51	54.5
60544.88889	G18	-109.69	-109.38	-107.97	64.7
60544.88889	G16	-109.72	-109.24	-110.31	31.2
60544.88889	G15	-110.19	-109.90	-108.70	14.8
60544.88889	G10	-110.62	-109.91	-108.23	21.2
60544.88889	G05	-109.25	-108.19	-107.09	11.1
60544.89236	G29	-108.89	-108.56	-110.15	34.2
60544.89236	G26	-109.84	-109.77	-109.14	57.3
60544.89236	G18	-109.74	-109.32	-108.08	62.8
60544.89236	G16	-110.19	-109.82	-107.00	33.0
60544.89236	G15	-109.03	-108.60	-109.50	15.5
60544.89236	G10	-110.93	-110.27	-106.61	23.5
60544.89236	G05	-115.68	-114.98	-105.74	10.0
60544.89236	G23	-109.64	-109.53	-108.13	57.0
60544.89583	G18	-109.95	-109.43	-109.12	61.0
60544.89583	G10	-110.19	-109.91	-109.57	25.8
60544.89583	G15	-109.60	-109.25	-108.23	16.2
60544.89583	G16	-109.67	-109.64	-107.61	34.8
60544.89583	G23	-109.76	-109.44	-108.39	59.5
60544.89583	G26	-110.06	-109.93	-109.83	57.3
60544.89583	G27	-110.83	-110.46	-111.38	14.0
60544.89583	G29	-110.06	-109.77	-109.04	32.8
60544.89931	G29	-109.25	-108.91	-109.70	31.4
60544.89931	G26	-109.85	-109.61	-109.03	57.2
60544.89931	G18	-110.34	-109.88	-108.84	59.2
60544.89931	G23	-109.27	-108.76	-108.10	62.0
60544.89931	G16	-110.15	-110.09	-108.21	36.5
60544.89931	G15	-110.46	-110.29	-107.84	16.8
60544.89931	G10	-109.26	-109.28	-109.23	28.1
60544.90278	G10	-110.69	-110.40	-109.53	30.5
60544.90278	G15	-110.19	-110.08	-110.00	17.3
60544.90278	G16	-109.18	-108.94	-109.93	38.2
60544.90278	G18	-109.49	-109.03	-108.91	57.4
60544.90278	G23	-109.48	-108.91	-109.12	64.4
60544.90278	G26	-109.62	-109.33	-108.80	56.8
60544.90278	G27	-110.93	-110.09	-106.82	17.1
60544.90278	G29	-109.34	-108.79	-108.75	29.9
60544.90625	G27	-110.56	-109.87	-111.59	18.8
60544.90625	G26	-109.04	-108.76	-107.83	56.2
60544.90625	G23	-109.51	-109.25	-108.98	66.7
60544.90625	G29	-109.69	-109.30	-107.36	28.4
60544.90625	G16	-109.35	-109.15	-109.58	39.8
60544.90625	G15	-109.68	-109.60	-108.97	17.7
60544.90625	G10	-110.55	-110.14	-108.04	32.9
60544.90625	G18	-109.50	-109.11	-108.51	55.6
60544.90972	G27	-111.11	-110.65	-109.78	20.4
60544.90972	G26	-109.98	-109.89	-108.30	55.4
60544.90972	G23	-109.14	-108.81	-108.74	69.0
60544.90972	G29	-109.14	-108.80	-108.59	26.9
60544.90972	G16	-109.38	-109.10	-107.67	41.3
60544.90972	G15	-110.58	-110.28	-108.47	18.0
60544.90972	G10	-109.38	-109.13	-108.80	35.3
60544.90972	G18	-109.83	-109.34	-108.61	53.8
60544.91319	G10	-109.42	-109.28	-108.05	37.7
60544.91319	G15	-110.21	-109.87	-109.58	18.3
60544.91319	G16	-110.23	-110.21	-108.79	42.8
60544.91319	G18	-110.13	-109.84	-108.63	52.1
60544.91319	G23	-109.10	-108.80	-109.16	71.1
60544.91319	G26	-109.56	-109.46	-108.65	54.5
60544.91319	G27	-109.82	-109.08	-108.33	22.1
60544.91319	G29	-110.09	-109.73	-109.07	25.4
60544.91667	G26	-109.98	-109.86	-109.58	53.3
60544.91667	G29	-109.10	-108.90	-107.80	23.9
60544.91667	G27	-109.27	-109.20	-108.04	23.9
60544.91667	G18	-110.03	-109.72	-109.68	50.4
60544.91667	G16	-110.10	-110.06	-109.13	44.2
60544.91667	G15	-109.65	-109.44	-107.49	18.4
60544.91667	G10	-109.70	-109.52	-107.52	40.2
60544.91667	G23	-109.54	-109.14	-108.07	73.0
60544.92014	G10	-109.83	-109.29	-109.15	42.7
60544.92014	G15	-109.93	-109.99	-107.80	18.5
60544.92014	G16	-108.68	-108.26	-107.67	45.4
60544.92014	G18	-110.31	-110.11	-108.17	48.6
60544.92014	G23	-109.13	-108.74	-108.99	74.7
60544.92014	G26	-110.27	-110.04	-108.40	52.0
60544.92014	G27	-109.56	-109.32	-111.25	25.6
60544.92014	G29	-109.11	-108.63	-108.29	22.3
60544.92361	G27	-110.17	-109.79	-109.70	27.4
60544.92361	G29	-109.05	-108.34	-108.98	20.8
60544.92361	G26	-110.18	-109.85	-108.19	50.5
60544.92361	G23	-109.09	-108.70	-108.59	76.0
60544.92361	G18	-109.59	-109.44	-109.29	47.0
60544.92361	G16	-110.18	-109.81	-108.28	46.6
60544.92361	G15	-109.12	-109.25	-109.32	18.4
60544.92361	G10	-108.97	-108.53	-107.69	45.2
60544.92708	G10	-109.13	-108.92	-108.42	47.8
60544.92708	G15	-109.02	-108.95	-109.18	18.3
60544.92708	G16	-110.32	-110.02	-109.74	47.6
60544.92708	G18	-109.42	-109.39	-108.00	45.3
60544.92708	G23	-109.07	-108.65	-108.60	76.9
60544.92708	G26	-110.09	-109.79	-107.96	49.0
60544.92708	G27	-110.08	-109.41	-109.42	29.2
60544.92708	G29	-109.88	-109.53	-110.91	19.2
60544.93056	G27	-109.16	-108.67	-109.61	31.1
60544.93056	G26	-109.95	-109.65	-108.81	47.3
60544.93056	G23	-108.81	-108.43	-108.43	77.2
60544.93056	G29	-110.41	-110.07	-108.27	17.6
60544.93056	G16	-109.00	-108.68	-108.55	48.4
60544.93056	G15	-108.89	-108.74	-108.85	18.1
60544.93056	G10	-110.53	-110.14	-108.76	50.4
60544.93056	G18	-109.34	-109.31	-108.84	43.7
60544.93403	G29	-109.30	-108.67	-109.66	16.0
60544.93403	G26	-110.08	-109.84	-107.95	45.5
60544.93403	G27	-109.67	-109.22	-108.17	33.0
60544.93403	G23	-108.24	-108.05	-109.11	76.9
60544.93403	G15	-109.64	-109.41	-109.43	17.8
60544.93403	G16	-109.17	-108.63	-107.87	49.1
60544.93403	G10	-109.25	-108.76	-109.83	52.9
60544.93403	G18	-110.42	-110.36	-108.03	42.0
60544.93750	G10	-108.86	-108.39	-109.37	55.5
60544.93750	G15	-109.36	-109.30	-106.83	17.4
60544.93750	G16	-109.67	-109.01	-108.46	49.6
60544.93750	G18	-109.85	-109.60	-108.69	40.4
60544.93750	G23	-109.09	-108.98	-108.28	76.0
60544.93750	G26	-110.58	-110.24	-109.69	43.7
60544.93750	G27	-109.29	-108.84	-108.53	34.9
60544.93750	G29	-108.95	-108.84	-111.78	14.4
60544.94097	G29	-108.44	-108.31	-107.21	12.8
60544.94097	G27	-109.22	-108.88	-108.64	36.8
60544.94097	G26	-109.39	-109.12	-107.84	41.9
60544.94097	G23	-109.44	-109.21	-109.20	74.8
60544.94097	G10	-109.72	-109.23	-108.10	58.1
60544.94097	G16	-109.49	-109.15	-109.93	49.9
60544.94097	G15	-107.39	-106.75	-108.33	16.9
60544.94097	G18	-109.45	-109.27	-109.34	38.9
60544.94444	G26	-109.32	-109.09	-108.42	40.0
60544.94444	G29	-107.75	-107.12	-108.95	11.2
60544.94444	G27	-110.06	-109.71	-109.52	38.8
60544.94444	G23	-109.23	-108.81	-108.57	73.2
60544.94444	G10	-109.73	-109.43	-107.97	60.8
60544.94444	G16	-109.92	-109.64	-109.35	50.0
60544.94444	G15	-109.36	-108.85	-108.95	16.3
60544.94444	G18	-109.29	-109.15	-108.12	37.3
60544.94792	G08	-106.53	-105.95	-113.71	10.3
60544.94792	G10	-109.11	-108.74	-107.68	63.4
60544.94792	G15	-108.46	-107.78	-109.97	15.6
60544.94792	G16	-109.55	-109.42	-107.96	50.0
60544.94792	G18	-110.20	-109.60	-108.50	35.8
60544.94792	G23	-109.98	-109.50	-108.31	71.3
60544.94792	G26	-109.58	-109.27	-107.26	38.0
60544.94792	G27	-109.85	-109.81	-108.16	40.8
60544.94792	G29	-111.10	-109.61	-105.39	10.1
60544.95139	G26	-109.90	-109.62	-111.41	36.1
60544.95139	G32	-110.26	-110.06	-107.52	10.4
60544.95139	G27	-109.49	-109.41	-108.08	42.9
60544.95139	G23	-109.09	-108.76	-108.29	69.3
60544.95139	G10	-109.12	-108.76	-108.38	66.0
60544.95139	G16	-109.73	-109.59	-109.77	49.7
60544.95139	G08	-110.38	-109.32	-112.05	11.6
60544.95139	G18	-109.38	-108.63	-108.47	34.3
60544.95139	G15	-110.32	-110.37	-109.33	14.9
60544.95486	G08	-108.56	-108.32	-107.88	13.4
60544.95486	G10	-108.39	-107.87	-109.06	68.7
60544.95486	G15	-109.29	-108.93	-106.74	14.1
60544.95486	G16	-109.03	-108.78	-108.46	49.3
60544.95486	G23	-109.92	-109.63	-108.18	67.2
60544.95486	G26	-110.06	-109.76	-110.13	34.1
60544.95486	G27	-109.80	-109.71	-109.74	45.0
60544.95486	G32	-109.58	-109.37	-109.64	11.7
60544.95486	G18	-109.89	-109.01	-107.96	32.8
60544.95833	G23	-109.37	-109.03	-108.64	65.0
60544.95833	G27	-109.64	-109.48	-109.02	47.1
60544.95833	G26	-110.17	-109.64	-108.22	32.1
60544.95833	G32	-109.97	-108.48	-108.62	13.5
60544.95833	G18	-110.83	-110.45	-107.75	31.3
60544.95833	G15	-110.19	-110.85	-109.90	13.1
60544.95833	G10	-109.64	-109.28	-108.56	71.3
60544.95833	G08	-109.09	-108.80	-105.73	15.2
60544.95833	G16	-109.19	-109.07	-108.77	48.6
60544.96181	G32	-111.00	-109.60	-106.86	15.3
60544.96181	G27	-108.34	-108.24	-110.27	49.2
60544.96181	G26	-109.25	-108.82	-109.06	30.2
60544.96181	G23	-109.77	-109.58	-108.46	62.7
60544.96181	G18	-109.10	-108.64	-109.10	29.9
60544.96181	G15	-109.79	-110.67	-107.63	12.2
60544.96181	G10	-109.49	-109.12	-108.29	73.9
60544.96181	G08	-112.29	-111.59	-105.57	17.1
60544.96181	G16	-109.90	-109.62	-107.99	47.8
60544.96528	G23	-109.56	-109.30	-108.95	60.5
60544.96528	G27	-109.36	-109.11	-108.44	51.4
60544.96528	G32	-111.05	-109.95	-108.20	17.2
60544.96528	G18	-110.52	-109.74	-107.69	28.4
60544.96528	G26	-109.88	-109.65	-110.42	28.2
60544.96528	G15	-108.01	-107.81	-109.36	11.1
60544.96528	G10	-109.31	-108.95	-108.49	76.5
60544.96528	G08	-111.20	-110.28	-110.31	18.9
60544.96528	G16	-109.56	-109.19	-109.16	46.9
60544.96875	G08	-108.21	-107.82	-109.73	20.8
60544.96875	G10	-109.17	-108.78	-108.01	79.1
60544.96875	G15	-107.27	-106.49	-108.96	10.3
60544.96875	G16	-109.79	-109.22	-108.97	45.8
60544.96875	G18	-108.84	-108.06	-109.28	27.0
60544.96875	G23	-110.08	-109.91	-109.15	58.2
60544.96875	G26	-110.26	-110.07	-108.59	26.2
60544.96875	G27	-109.62	-109.36	-108.20	53.5
60544.96875	G32	-109.52	-108.80	-109.11	19.1
60544.97222	G27	-109.47	-109.17	-108.40	55.8
60544.97222	G26	-109.25	-109.09	-109.80	24.3
60544.97222	G23	-109.67	-109.20	-108.85	55.9
60544.97222	G32	-109.82	-109.06	-108.61	21.1
60544.97222	G16	-109.80	-109.45	-109.69	44.6
60544.97222	G10	-109.46	-109.13	-108.46	81.6
60544.97222	G08	-109.95	-109.63	-108.44	22.8
60544.97222	G18	-110.57	-110.07	-109.10	25.6
60544.97569	G27	-109.34	-109.01	-108.36	58.0
60544.97569	G26	-109.60	-109.55	-109.93	22.4
60544.97569	G23	-110.07	-109.53	-108.55	53.6
60544.97569	G32	-111.19	-110.90	-106.43	23.0
60544.97569	G16	-110.04	-109.85	-108.59	43.2
60544.97569	G10	-110.08	-109.71	-108.81	84.0
60544.97569	G08	-109.67	-109.12	-110.12	24.7
60544.97569	G18	-109.20	-109.32	-108.33	24.2
60544.97917	G08	-109.82	-109.60	-104.68	26.7
60544.97917	G10	-108.87	-108.46	-108.20	86.1
60544.97917	G16	-109.24	-109.05	-109.81	41.8
60544.97917	G18	-110.95	-110.43	-108.52	22.8
60544.97917	G23	-109.36	-109.00	-109.12	51.3
60544.97917	G26	-108.91	-108.14	-108.10	20.5
60544.97917	G27	-109.55	-109.17	-108.99	60.2
60544.97917	G32	-110.51	-110.33	-108.08	25.1
60544.98264	G32	-110.67	-110.74	-110.51	27.1
60544.98264	G27	-109.34	-108.89	-109.71	62.4
60544.98264	G26	-108.93	-108.10	-109.71	18.6
60544.98264	G23	-108.50	-108.45	-108.97	49.1
60544.98264	G16	-109.49	-109.24	-108.55	40.2
60544.98264	G10	-109.02	-108.61	-108.87	87.0
60544.98264	G08	-110.11	-109.95	-108.74	28.6
60544.98264	G18	-110.06	-109.48	-109.52	21.4
60544.98611	G08	-109.72	-109.52	-109.96	30.6
60544.98611	G10	-109.33	-108.91	-108.44	86.0
60544.98611	G16	-109.29	-108.98	-108.77	38.6
60544.98611	G18	-110.55	-109.90	-110.16	20.1
60544.98611	G23	-109.36	-109.25	-108.33	46.9
60544.98611	G26	-110.33	-109.93	-109.39	16.8
60544.98611	G27	-109.30	-108.96	-109.20	64.7
60544.98611	G32	-110.49	-110.58	-107.88	29.1
60544.98958	G27	-108.90	-108.73	-109.32	66.9
60544.98958	G26	-109.03	-108.76	-109.55	14.9
60544.98958	G23	-109.27	-109.09	-108.61	44.6
60544.98958	G32	-110.00	-109.66	-109.11	31.2
60544.98958	G16	-109.28	-108.90	-108.86	36.9
60544.98958	G10	-109.16	-108.75	-108.52	84.0
60544.98958	G08	-109.72	-109.59	-108.71	32.6
60544.98958	G18	-108.92	-108.76	-109.94	18.7
60544.99306	G27	-109.12	-108.80	-108.88	69.0
60544.99306	G26	-109.76	-109.53	-110.28	13.2
60544.99306	G23	-109.70	-109.67	-107.93	42.5
60544.99306	G32	-110.25	-109.82	-108.49	33.3
60544.99306	G16	-109.22	-108.92	-106.87	35.2
60544.99306	G10	-108.91	-108.58	-108.67	81.7
60544.99306	G08	-109.34	-109.12	-109.14	34.7
60544.99306	G18	-108.57	-108.38	-108.72	17.4
60544.99653	G08	-109.31	-109.08	-108.18	36.7
60544.99653	G10	-109.55	-109.22	-108.14	79.3
60544.99653	G16	-109.30	-109.01	-109.78	33.4
60544.99653	G18	-109.61	-109.55	-108.99	16.0
60544.99653	G23	-110.07	-109.70	-109.28	40.3
60544.99653	G26	-110.08	-109.31	-109.74	11.4
60544.99653	G27	-108.83	-108.31	-108.56	71.2
60544.99653	G32	-110.33	-110.03	-108.74	35.4
60545.00000	G23	-110.78	-110.20	-106.88	38.8
60545.00000	G26	-110.19	-109.82	-111.57	10.3
60545.00000	G27	-109.43	-108.77	-109.49	72.6
60545.00000	G16	-110.68	-110.20	-108.68	32.2
60545.00000	G10	-108.70	-108.49	-108.11	77.6
60545.00000	G08	-110.59	-110.57	-105.79	38.1
60545.00000	G18	-106.66	-107.07	-105.89	15.1
60545.00000	G32	-110.74	-110.67	-107.22	36.8
